ID	label
am_test_00001	positive
am_test_00002	negative
am_test_00003	positive
am_test_00004	neutral
am_test_00005	negative
am_test_00006	neutral
am_test_00007	negative
am_test_00008	neutral
am_test_00009	neutral
am_test_00010	negative
am_test_00011	neutral
am_test_00012	negative
am_test_00013	negative
am_test_00014	negative
am_test_00015	negative
am_test_00016	neutral
am_test_00017	negative
am_test_00018	neutral
am_test_00019	negative
am_test_00020	negative
am_test_00021	negative
am_test_00022	negative
am_test_00023	negative
am_test_00024	neutral
am_test_00025	neutral
am_test_00026	negative
am_test_00027	neutral
am_test_00028	neutral
am_test_00029	neutral
am_test_00030	neutral
am_test_00031	neutral
am_test_00032	neutral
am_test_00033	negative
am_test_00034	neutral
am_test_00035	negative
am_test_00036	negative
am_test_00037	negative
am_test_00038	negative
am_test_00039	neutral
am_test_00040	negative
am_test_00041	neutral
am_test_00042	neutral
am_test_00043	negative
am_test_00044	neutral
am_test_00045	neutral
am_test_00046	neutral
am_test_00047	neutral
am_test_00048	negative
am_test_00049	neutral
am_test_00050	negative
am_test_00051	neutral
am_test_00052	negative
am_test_00053	neutral
am_test_00054	neutral
am_test_00055	negative
am_test_00056	negative
am_test_00057	neutral
am_test_00058	neutral
am_test_00059	negative
am_test_00060	neutral
am_test_00061	negative
am_test_00062	negative
am_test_00063	negative
am_test_00064	positive
am_test_00065	negative
am_test_00066	positive
am_test_00067	negative
am_test_00068	neutral
am_test_00069	negative
am_test_00070	positive
am_test_00071	positive
am_test_00072	positive
am_test_00073	neutral
am_test_00074	negative
am_test_00075	neutral
am_test_00076	positive
am_test_00077	neutral
am_test_00078	neutral
am_test_00079	neutral
am_test_00080	negative
am_test_00081	negative
am_test_00082	negative
am_test_00083	neutral
am_test_00084	negative
am_test_00085	positive
am_test_00086	positive
am_test_00087	negative
am_test_00088	neutral
am_test_00089	neutral
am_test_00090	negative
am_test_00091	negative
am_test_00092	negative
am_test_00093	neutral
am_test_00094	neutral
am_test_00095	neutral
am_test_00096	positive
am_test_00097	positive
am_test_00098	neutral
am_test_00099	negative
am_test_00100	neutral
am_test_00101	neutral
am_test_00102	neutral
am_test_00103	negative
am_test_00104	neutral
am_test_00105	negative
am_test_00106	positive
am_test_00107	negative
am_test_00108	negative
am_test_00109	positive
am_test_00110	positive
am_test_00111	neutral
am_test_00112	positive
am_test_00113	negative
am_test_00114	neutral
am_test_00115	positive
am_test_00116	neutral
am_test_00117	negative
am_test_00118	neutral
am_test_00119	neutral
am_test_00120	positive
am_test_00121	negative
am_test_00122	neutral
am_test_00123	neutral
am_test_00124	negative
am_test_00125	neutral
am_test_00126	negative
am_test_00127	negative
am_test_00128	neutral
am_test_00129	negative
am_test_00130	negative
am_test_00131	negative
am_test_00132	neutral
am_test_00133	neutral
am_test_00134	neutral
am_test_00135	negative
am_test_00136	negative
am_test_00137	neutral
am_test_00138	neutral
am_test_00139	negative
am_test_00140	negative
am_test_00141	neutral
am_test_00142	neutral
am_test_00143	neutral
am_test_00144	positive
am_test_00145	neutral
am_test_00146	neutral
am_test_00147	neutral
am_test_00148	neutral
am_test_00149	negative
am_test_00150	neutral
am_test_00151	neutral
am_test_00152	neutral
am_test_00153	positive
am_test_00154	neutral
am_test_00155	negative
am_test_00156	neutral
am_test_00157	neutral
am_test_00158	neutral
am_test_00159	neutral
am_test_00160	neutral
am_test_00161	neutral
am_test_00162	negative
am_test_00163	negative
am_test_00164	neutral
am_test_00165	neutral
am_test_00166	neutral
am_test_00167	negative
am_test_00168	negative
am_test_00169	negative
am_test_00170	positive
am_test_00171	neutral
am_test_00172	negative
am_test_00173	negative
am_test_00174	negative
am_test_00175	neutral
am_test_00176	neutral
am_test_00177	negative
am_test_00178	negative
am_test_00179	negative
am_test_00180	negative
am_test_00181	neutral
am_test_00182	neutral
am_test_00183	neutral
am_test_00184	negative
am_test_00185	positive
am_test_00186	negative
am_test_00187	negative
am_test_00188	positive
am_test_00189	negative
am_test_00190	negative
am_test_00191	negative
am_test_00192	neutral
am_test_00193	negative
am_test_00194	neutral
am_test_00195	negative
am_test_00196	negative
am_test_00197	negative
am_test_00198	neutral
am_test_00199	neutral
am_test_00200	negative
am_test_00201	negative
am_test_00202	negative
am_test_00203	neutral
am_test_00204	negative
am_test_00205	positive
am_test_00206	neutral
am_test_00207	negative
am_test_00208	neutral
am_test_00209	neutral
am_test_00210	neutral
am_test_00211	negative
am_test_00212	negative
am_test_00213	negative
am_test_00214	positive
am_test_00215	neutral
am_test_00216	neutral
am_test_00217	negative
am_test_00218	neutral
am_test_00219	neutral
am_test_00220	negative
am_test_00221	neutral
am_test_00222	neutral
am_test_00223	positive
am_test_00224	neutral
am_test_00225	positive
am_test_00226	negative
am_test_00227	positive
am_test_00228	negative
am_test_00229	negative
am_test_00230	neutral
am_test_00231	neutral
am_test_00232	negative
am_test_00233	neutral
am_test_00234	negative
am_test_00235	positive
am_test_00236	neutral
am_test_00237	neutral
am_test_00238	neutral
am_test_00239	neutral
am_test_00240	positive
am_test_00241	neutral
am_test_00242	neutral
am_test_00243	positive
am_test_00244	negative
am_test_00245	negative
am_test_00246	neutral
am_test_00247	neutral
am_test_00248	negative
am_test_00249	negative
am_test_00250	neutral
am_test_00251	negative
am_test_00252	neutral
am_test_00253	positive
am_test_00254	negative
am_test_00255	neutral
am_test_00256	neutral
am_test_00257	positive
am_test_00258	negative
am_test_00259	negative
am_test_00260	negative
am_test_00261	negative
am_test_00262	negative
am_test_00263	neutral
am_test_00264	neutral
am_test_00265	negative
am_test_00266	negative
am_test_00267	positive
am_test_00268	negative
am_test_00269	positive
am_test_00270	negative
am_test_00271	negative
am_test_00272	positive
am_test_00273	neutral
am_test_00274	negative
am_test_00275	negative
am_test_00276	neutral
am_test_00277	neutral
am_test_00278	neutral
am_test_00279	negative
am_test_00280	negative
am_test_00281	neutral
am_test_00282	neutral
am_test_00283	negative
am_test_00284	negative
am_test_00285	neutral
am_test_00286	neutral
am_test_00287	positive
am_test_00288	negative
am_test_00289	neutral
am_test_00290	neutral
am_test_00291	neutral
am_test_00292	neutral
am_test_00293	neutral
am_test_00294	negative
am_test_00295	neutral
am_test_00296	negative
am_test_00297	neutral
am_test_00298	negative
am_test_00299	negative
am_test_00300	neutral
am_test_00301	neutral
am_test_00302	negative
am_test_00303	negative
am_test_00304	neutral
am_test_00305	neutral
am_test_00306	negative
am_test_00307	neutral
am_test_00308	negative
am_test_00309	negative
am_test_00310	neutral
am_test_00311	positive
am_test_00312	neutral
am_test_00313	neutral
am_test_00314	positive
am_test_00315	neutral
am_test_00316	neutral
am_test_00317	negative
am_test_00318	neutral
am_test_00319	positive
am_test_00320	negative
am_test_00321	negative
am_test_00322	negative
am_test_00323	neutral
am_test_00324	neutral
am_test_00325	positive
am_test_00326	negative
am_test_00327	neutral
am_test_00328	neutral
am_test_00329	neutral
am_test_00330	negative
am_test_00331	neutral
am_test_00332	neutral
am_test_00333	positive
am_test_00334	neutral
am_test_00335	negative
am_test_00336	negative
am_test_00337	negative
am_test_00338	positive
am_test_00339	neutral
am_test_00340	neutral
am_test_00341	neutral
am_test_00342	negative
am_test_00343	neutral
am_test_00344	neutral
am_test_00345	neutral
am_test_00346	negative
am_test_00347	negative
am_test_00348	neutral
am_test_00349	positive
am_test_00350	negative
am_test_00351	neutral
am_test_00352	negative
am_test_00353	neutral
am_test_00354	negative
am_test_00355	neutral
am_test_00356	negative
am_test_00357	neutral
am_test_00358	positive
am_test_00359	negative
am_test_00360	neutral
am_test_00361	neutral
am_test_00362	neutral
am_test_00363	negative
am_test_00364	negative
am_test_00365	positive
am_test_00366	negative
am_test_00367	positive
am_test_00368	neutral
am_test_00369	positive
am_test_00370	negative
am_test_00371	negative
am_test_00372	positive
am_test_00373	neutral
am_test_00374	negative
am_test_00375	negative
am_test_00376	neutral
am_test_00377	neutral
am_test_00378	neutral
am_test_00379	negative
am_test_00380	positive
am_test_00381	neutral
am_test_00382	negative
am_test_00383	neutral
am_test_00384	negative
am_test_00385	neutral
am_test_00386	negative
am_test_00387	negative
am_test_00388	negative
am_test_00389	negative
am_test_00390	positive
am_test_00391	positive
am_test_00392	negative
am_test_00393	negative
am_test_00394	neutral
am_test_00395	neutral
am_test_00396	neutral
am_test_00397	negative
am_test_00398	neutral
am_test_00399	neutral
am_test_00400	negative
am_test_00401	neutral
am_test_00402	neutral
am_test_00403	neutral
am_test_00404	neutral
am_test_00405	positive
am_test_00406	neutral
am_test_00407	neutral
am_test_00408	neutral
am_test_00409	neutral
am_test_00410	negative
am_test_00411	neutral
am_test_00412	neutral
am_test_00413	negative
am_test_00414	neutral
am_test_00415	neutral
am_test_00416	positive
am_test_00417	neutral
am_test_00418	neutral
am_test_00419	positive
am_test_00420	neutral
am_test_00421	neutral
am_test_00422	neutral
am_test_00423	negative
am_test_00424	negative
am_test_00425	neutral
am_test_00426	neutral
am_test_00427	neutral
am_test_00428	negative
am_test_00429	negative
am_test_00430	negative
am_test_00431	neutral
am_test_00432	neutral
am_test_00433	neutral
am_test_00434	negative
am_test_00435	neutral
am_test_00436	negative
am_test_00437	neutral
am_test_00438	negative
am_test_00439	neutral
am_test_00440	neutral
am_test_00441	negative
am_test_00442	negative
am_test_00443	negative
am_test_00444	neutral
am_test_00445	neutral
am_test_00446	negative
am_test_00447	neutral
am_test_00448	negative
am_test_00449	neutral
am_test_00450	negative
am_test_00451	negative
am_test_00452	neutral
am_test_00453	neutral
am_test_00454	positive
am_test_00455	neutral
am_test_00456	neutral
am_test_00457	negative
am_test_00458	neutral
am_test_00459	positive
am_test_00460	negative
am_test_00461	neutral
am_test_00462	neutral
am_test_00463	negative
am_test_00464	neutral
am_test_00465	neutral
am_test_00466	neutral
am_test_00467	negative
am_test_00468	neutral
am_test_00469	neutral
am_test_00470	negative
am_test_00471	negative
am_test_00472	negative
am_test_00473	neutral
am_test_00474	neutral
am_test_00475	neutral
am_test_00476	negative
am_test_00477	neutral
am_test_00478	negative
am_test_00479	neutral
am_test_00480	negative
am_test_00481	positive
am_test_00482	neutral
am_test_00483	neutral
am_test_00484	positive
am_test_00485	negative
am_test_00486	negative
am_test_00487	neutral
am_test_00488	negative
am_test_00489	neutral
am_test_00490	negative
am_test_00491	neutral
am_test_00492	neutral
am_test_00493	positive
am_test_00494	negative
am_test_00495	neutral
am_test_00496	neutral
am_test_00497	neutral
am_test_00498	negative
am_test_00499	neutral
am_test_00500	neutral
am_test_00501	negative
am_test_00502	positive
am_test_00503	negative
am_test_00504	negative
am_test_00505	neutral
am_test_00506	neutral
am_test_00507	negative
am_test_00508	neutral
am_test_00509	neutral
am_test_00510	neutral
am_test_00511	neutral
am_test_00512	neutral
am_test_00513	neutral
am_test_00514	neutral
am_test_00515	negative
am_test_00516	neutral
am_test_00517	positive
am_test_00518	positive
am_test_00519	positive
am_test_00520	negative
am_test_00521	neutral
am_test_00522	negative
am_test_00523	negative
am_test_00524	negative
am_test_00525	neutral
am_test_00526	negative
am_test_00527	neutral
am_test_00528	neutral
am_test_00529	positive
am_test_00530	neutral
am_test_00531	neutral
am_test_00532	negative
am_test_00533	negative
am_test_00534	negative
am_test_00535	neutral
am_test_00536	positive
am_test_00537	negative
am_test_00538	positive
am_test_00539	negative
am_test_00540	neutral
am_test_00541	neutral
am_test_00542	neutral
am_test_00543	negative
am_test_00544	negative
am_test_00545	neutral
am_test_00546	neutral
am_test_00547	negative
am_test_00548	negative
am_test_00549	neutral
am_test_00550	positive
am_test_00551	neutral
am_test_00552	negative
am_test_00553	neutral
am_test_00554	positive
am_test_00555	neutral
am_test_00556	positive
am_test_00557	negative
am_test_00558	neutral
am_test_00559	negative
am_test_00560	neutral
am_test_00561	neutral
am_test_00562	neutral
am_test_00563	neutral
am_test_00564	negative
am_test_00565	negative
am_test_00566	neutral
am_test_00567	positive
am_test_00568	neutral
am_test_00569	neutral
am_test_00570	neutral
am_test_00571	negative
am_test_00572	neutral
am_test_00573	negative
am_test_00574	negative
am_test_00575	positive
am_test_00576	negative
am_test_00577	negative
am_test_00578	positive
am_test_00579	neutral
am_test_00580	negative
am_test_00581	positive
am_test_00582	positive
am_test_00583	negative
am_test_00584	neutral
am_test_00585	negative
am_test_00586	neutral
am_test_00587	positive
am_test_00588	negative
am_test_00589	negative
am_test_00590	negative
am_test_00591	neutral
am_test_00592	negative
am_test_00593	neutral
am_test_00594	negative
am_test_00595	negative
am_test_00596	neutral
am_test_00597	positive
am_test_00598	negative
am_test_00599	neutral
am_test_00600	neutral
am_test_00601	negative
am_test_00602	negative
am_test_00603	positive
am_test_00604	neutral
am_test_00605	neutral
am_test_00606	negative
am_test_00607	neutral
am_test_00608	negative
am_test_00609	negative
am_test_00610	positive
am_test_00611	negative
am_test_00612	negative
am_test_00613	negative
am_test_00614	negative
am_test_00615	neutral
am_test_00616	negative
am_test_00617	negative
am_test_00618	negative
am_test_00619	neutral
am_test_00620	negative
am_test_00621	neutral
am_test_00622	negative
am_test_00623	neutral
am_test_00624	neutral
am_test_00625	positive
am_test_00626	neutral
am_test_00627	negative
am_test_00628	neutral
am_test_00629	neutral
am_test_00630	positive
am_test_00631	neutral
am_test_00632	negative
am_test_00633	neutral
am_test_00634	neutral
am_test_00635	positive
am_test_00636	positive
am_test_00637	negative
am_test_00638	negative
am_test_00639	negative
am_test_00640	negative
am_test_00641	neutral
am_test_00642	negative
am_test_00643	neutral
am_test_00644	negative
am_test_00645	neutral
am_test_00646	neutral
am_test_00647	neutral
am_test_00648	neutral
am_test_00649	negative
am_test_00650	negative
am_test_00651	neutral
am_test_00652	negative
am_test_00653	negative
am_test_00654	neutral
am_test_00655	neutral
am_test_00656	neutral
am_test_00657	negative
am_test_00658	neutral
am_test_00659	negative
am_test_00660	neutral
am_test_00661	positive
am_test_00662	neutral
am_test_00663	positive
am_test_00664	neutral
am_test_00665	negative
am_test_00666	neutral
am_test_00667	positive
am_test_00668	neutral
am_test_00669	positive
am_test_00670	negative
am_test_00671	neutral
am_test_00672	negative
am_test_00673	neutral
am_test_00674	negative
am_test_00675	negative
am_test_00676	positive
am_test_00677	neutral
am_test_00678	neutral
am_test_00679	negative
am_test_00680	neutral
am_test_00681	positive
am_test_00682	neutral
am_test_00683	neutral
am_test_00684	neutral
am_test_00685	neutral
am_test_00686	neutral
am_test_00687	negative
am_test_00688	negative
am_test_00689	negative
am_test_00690	positive
am_test_00691	positive
am_test_00692	positive
am_test_00693	neutral
am_test_00694	negative
am_test_00695	positive
am_test_00696	negative
am_test_00697	neutral
am_test_00698	neutral
am_test_00699	neutral
am_test_00700	negative
am_test_00701	neutral
am_test_00702	neutral
am_test_00703	negative
am_test_00704	neutral
am_test_00705	neutral
am_test_00706	negative
am_test_00707	negative
am_test_00708	neutral
am_test_00709	negative
am_test_00710	negative
am_test_00711	positive
am_test_00712	negative
am_test_00713	neutral
am_test_00714	neutral
am_test_00715	neutral
am_test_00716	neutral
am_test_00717	negative
am_test_00718	negative
am_test_00719	negative
am_test_00720	negative
am_test_00721	neutral
am_test_00722	positive
am_test_00723	negative
am_test_00724	neutral
am_test_00725	negative
am_test_00726	neutral
am_test_00727	negative
am_test_00728	negative
am_test_00729	negative
am_test_00730	negative
am_test_00731	negative
am_test_00732	negative
am_test_00733	neutral
am_test_00734	neutral
am_test_00735	negative
am_test_00736	neutral
am_test_00737	neutral
am_test_00738	neutral
am_test_00739	positive
am_test_00740	neutral
am_test_00741	neutral
am_test_00742	negative
am_test_00743	negative
am_test_00744	neutral
am_test_00745	negative
am_test_00746	neutral
am_test_00747	neutral
am_test_00748	negative
am_test_00749	positive
am_test_00750	neutral
am_test_00751	negative
am_test_00752	negative
am_test_00753	neutral
am_test_00754	positive
am_test_00755	neutral
am_test_00756	negative
am_test_00757	negative
am_test_00758	neutral
am_test_00759	negative
am_test_00760	positive
am_test_00761	neutral
am_test_00762	neutral
am_test_00763	negative
am_test_00764	neutral
am_test_00765	negative
am_test_00766	positive
am_test_00767	negative
am_test_00768	neutral
am_test_00769	neutral
am_test_00770	negative
am_test_00771	neutral
am_test_00772	negative
am_test_00773	neutral
am_test_00774	negative
am_test_00775	neutral
am_test_00776	neutral
am_test_00777	negative
am_test_00778	negative
am_test_00779	negative
am_test_00780	negative
am_test_00781	neutral
am_test_00782	positive
am_test_00783	neutral
am_test_00784	negative
am_test_00785	neutral
am_test_00786	neutral
am_test_00787	neutral
am_test_00788	negative
am_test_00789	positive
am_test_00790	neutral
am_test_00791	negative
am_test_00792	negative
am_test_00793	negative
am_test_00794	neutral
am_test_00795	positive
am_test_00796	positive
am_test_00797	negative
am_test_00798	negative
am_test_00799	neutral
am_test_00800	negative
am_test_00801	positive
am_test_00802	positive
am_test_00803	neutral
am_test_00804	neutral
am_test_00805	neutral
am_test_00806	positive
am_test_00807	negative
am_test_00808	neutral
am_test_00809	positive
am_test_00810	neutral
am_test_00811	negative
am_test_00812	negative
am_test_00813	neutral
am_test_00814	neutral
am_test_00815	negative
am_test_00816	negative
am_test_00817	negative
am_test_00818	neutral
am_test_00819	neutral
am_test_00820	neutral
am_test_00821	positive
am_test_00822	neutral
am_test_00823	positive
am_test_00824	negative
am_test_00825	negative
am_test_00826	positive
am_test_00827	negative
am_test_00828	neutral
am_test_00829	negative
am_test_00830	neutral
am_test_00831	neutral
am_test_00832	neutral
am_test_00833	negative
am_test_00834	negative
am_test_00835	positive
am_test_00836	negative
am_test_00837	neutral
am_test_00838	negative
am_test_00839	negative
am_test_00840	positive
am_test_00841	neutral
am_test_00842	neutral
am_test_00843	negative
am_test_00844	negative
am_test_00845	negative
am_test_00846	positive
am_test_00847	neutral
am_test_00848	negative
am_test_00849	positive
am_test_00850	negative
am_test_00851	neutral
am_test_00852	negative
am_test_00853	negative
am_test_00854	negative
am_test_00855	positive
am_test_00856	neutral
am_test_00857	neutral
am_test_00858	neutral
am_test_00859	neutral
am_test_00860	neutral
am_test_00861	negative
am_test_00862	neutral
am_test_00863	neutral
am_test_00864	neutral
am_test_00865	positive
am_test_00866	neutral
am_test_00867	positive
am_test_00868	negative
am_test_00869	neutral
am_test_00870	neutral
am_test_00871	negative
am_test_00872	positive
am_test_00873	positive
am_test_00874	neutral
am_test_00875	neutral
am_test_00876	negative
am_test_00877	negative
am_test_00878	neutral
am_test_00879	neutral
am_test_00880	neutral
am_test_00881	neutral
am_test_00882	negative
am_test_00883	positive
am_test_00884	neutral
am_test_00885	neutral
am_test_00886	neutral
am_test_00887	neutral
am_test_00888	negative
am_test_00889	neutral
am_test_00890	positive
am_test_00891	neutral
am_test_00892	negative
am_test_00893	negative
am_test_00894	neutral
am_test_00895	neutral
am_test_00896	neutral
am_test_00897	negative
am_test_00898	positive
am_test_00899	negative
am_test_00900	negative
am_test_00901	neutral
am_test_00902	negative
am_test_00903	neutral
am_test_00904	positive
am_test_00905	negative
am_test_00906	negative
am_test_00907	positive
am_test_00908	neutral
am_test_00909	negative
am_test_00910	negative
am_test_00911	neutral
am_test_00912	neutral
am_test_00913	negative
am_test_00914	negative
am_test_00915	neutral
am_test_00916	negative
am_test_00917	positive
am_test_00918	neutral
am_test_00919	negative
am_test_00920	neutral
am_test_00921	positive
am_test_00922	negative
am_test_00923	neutral
am_test_00924	positive
am_test_00925	negative
am_test_00926	positive
am_test_00927	negative
am_test_00928	negative
am_test_00929	neutral
am_test_00930	positive
am_test_00931	negative
am_test_00932	neutral
am_test_00933	neutral
am_test_00934	negative
am_test_00935	neutral
am_test_00936	negative
am_test_00937	negative
am_test_00938	negative
am_test_00939	negative
am_test_00940	negative
am_test_00941	negative
am_test_00942	neutral
am_test_00943	positive
am_test_00944	positive
am_test_00945	neutral
am_test_00946	positive
am_test_00947	negative
am_test_00948	positive
am_test_00949	neutral
am_test_00950	negative
am_test_00951	positive
am_test_00952	negative
am_test_00953	neutral
am_test_00954	neutral
am_test_00955	negative
am_test_00956	neutral
am_test_00957	neutral
am_test_00958	negative
am_test_00959	neutral
am_test_00960	negative
am_test_00961	positive
am_test_00962	negative
am_test_00963	neutral
am_test_00964	negative
am_test_00965	neutral
am_test_00966	neutral
am_test_00967	negative
am_test_00968	neutral
am_test_00969	neutral
am_test_00970	negative
am_test_00971	neutral
am_test_00972	negative
am_test_00973	neutral
am_test_00974	neutral
am_test_00975	positive
am_test_00976	negative
am_test_00977	negative
am_test_00978	negative
am_test_00979	neutral
am_test_00980	negative
am_test_00981	positive
am_test_00982	negative
am_test_00983	negative
am_test_00984	positive
am_test_00985	neutral
am_test_00986	negative
am_test_00987	neutral
am_test_00988	neutral
am_test_00989	positive
am_test_00990	negative
am_test_00991	negative
am_test_00992	positive
am_test_00993	neutral
am_test_00994	neutral
am_test_00995	negative
am_test_00996	neutral
am_test_00997	negative
am_test_00998	negative
am_test_00999	negative
am_test_01000	negative
am_test_01001	positive
am_test_01002	neutral
am_test_01003	negative
am_test_01004	neutral
am_test_01005	neutral
am_test_01006	negative
am_test_01007	negative
am_test_01008	negative
am_test_01009	positive
am_test_01010	negative
am_test_01011	neutral
am_test_01012	negative
am_test_01013	negative
am_test_01014	positive
am_test_01015	negative
am_test_01016	neutral
am_test_01017	neutral
am_test_01018	negative
am_test_01019	neutral
am_test_01020	neutral
am_test_01021	positive
am_test_01022	positive
am_test_01023	negative
am_test_01024	neutral
am_test_01025	negative
am_test_01026	neutral
am_test_01027	neutral
am_test_01028	neutral
am_test_01029	neutral
am_test_01030	negative
am_test_01031	neutral
am_test_01032	positive
am_test_01033	negative
am_test_01034	neutral
am_test_01035	negative
am_test_01036	neutral
am_test_01037	neutral
am_test_01038	neutral
am_test_01039	neutral
am_test_01040	negative
am_test_01041	positive
am_test_01042	negative
am_test_01043	neutral
am_test_01044	positive
am_test_01045	negative
am_test_01046	negative
am_test_01047	negative
am_test_01048	neutral
am_test_01049	neutral
am_test_01050	positive
am_test_01051	positive
am_test_01052	neutral
am_test_01053	positive
am_test_01054	negative
am_test_01055	negative
am_test_01056	positive
am_test_01057	neutral
am_test_01058	neutral
am_test_01059	negative
am_test_01060	neutral
am_test_01061	neutral
am_test_01062	neutral
am_test_01063	neutral
am_test_01064	negative
am_test_01065	neutral
am_test_01066	positive
am_test_01067	negative
am_test_01068	neutral
am_test_01069	negative
am_test_01070	negative
am_test_01071	neutral
am_test_01072	neutral
am_test_01073	negative
am_test_01074	negative
am_test_01075	negative
am_test_01076	negative
am_test_01077	neutral
am_test_01078	positive
am_test_01079	neutral
am_test_01080	neutral
am_test_01081	negative
am_test_01082	neutral
am_test_01083	negative
am_test_01084	negative
am_test_01085	neutral
am_test_01086	neutral
am_test_01087	negative
am_test_01088	neutral
am_test_01089	neutral
am_test_01090	negative
am_test_01091	negative
am_test_01092	neutral
am_test_01093	neutral
am_test_01094	negative
am_test_01095	neutral
am_test_01096	positive
am_test_01097	neutral
am_test_01098	positive
am_test_01099	negative
am_test_01100	negative
am_test_01101	negative
am_test_01102	neutral
am_test_01103	negative
am_test_01104	neutral
am_test_01105	positive
am_test_01106	positive
am_test_01107	neutral
am_test_01108	neutral
am_test_01109	negative
am_test_01110	neutral
am_test_01111	positive
am_test_01112	negative
am_test_01113	negative
am_test_01114	negative
am_test_01115	positive
am_test_01116	neutral
am_test_01117	negative
am_test_01118	negative
am_test_01119	neutral
am_test_01120	neutral
am_test_01121	neutral
am_test_01122	negative
am_test_01123	neutral
am_test_01124	neutral
am_test_01125	neutral
am_test_01126	positive
am_test_01127	neutral
am_test_01128	neutral
am_test_01129	neutral
am_test_01130	neutral
am_test_01131	negative
am_test_01132	neutral
am_test_01133	neutral
am_test_01134	negative
am_test_01135	positive
am_test_01136	neutral
am_test_01137	positive
am_test_01138	neutral
am_test_01139	neutral
am_test_01140	negative
am_test_01141	positive
am_test_01142	negative
am_test_01143	neutral
am_test_01144	negative
am_test_01145	neutral
am_test_01146	neutral
am_test_01147	neutral
am_test_01148	neutral
am_test_01149	neutral
am_test_01150	negative
am_test_01151	negative
am_test_01152	positive
am_test_01153	neutral
am_test_01154	neutral
am_test_01155	negative
am_test_01156	neutral
am_test_01157	positive
am_test_01158	neutral
am_test_01159	negative
am_test_01160	negative
am_test_01161	neutral
am_test_01162	negative
am_test_01163	negative
am_test_01164	neutral
am_test_01165	negative
am_test_01166	neutral
am_test_01167	negative
am_test_01168	neutral
am_test_01169	neutral
am_test_01170	neutral
am_test_01171	negative
am_test_01172	neutral
am_test_01173	neutral
am_test_01174	negative
am_test_01175	positive
am_test_01176	negative
am_test_01177	negative
am_test_01178	negative
am_test_01179	neutral
am_test_01180	negative
am_test_01181	neutral
am_test_01182	neutral
am_test_01183	neutral
am_test_01184	negative
am_test_01185	neutral
am_test_01186	neutral
am_test_01187	neutral
am_test_01188	negative
am_test_01189	negative
am_test_01190	neutral
am_test_01191	neutral
am_test_01192	neutral
am_test_01193	negative
am_test_01194	positive
am_test_01195	negative
am_test_01196	neutral
am_test_01197	neutral
am_test_01198	neutral
am_test_01199	negative
am_test_01200	neutral
am_test_01201	neutral
am_test_01202	negative
am_test_01203	neutral
am_test_01204	neutral
am_test_01205	negative
am_test_01206	negative
am_test_01207	positive
am_test_01208	neutral
am_test_01209	negative
am_test_01210	negative
am_test_01211	negative
am_test_01212	negative
am_test_01213	negative
am_test_01214	negative
am_test_01215	neutral
am_test_01216	positive
am_test_01217	neutral
am_test_01218	negative
am_test_01219	negative
am_test_01220	neutral
am_test_01221	negative
am_test_01222	positive
am_test_01223	neutral
am_test_01224	neutral
am_test_01225	neutral
am_test_01226	negative
am_test_01227	neutral
am_test_01228	negative
am_test_01229	negative
am_test_01230	negative
am_test_01231	neutral
am_test_01232	negative
am_test_01233	negative
am_test_01234	neutral
am_test_01235	negative
am_test_01236	neutral
am_test_01237	negative
am_test_01238	positive
am_test_01239	negative
am_test_01240	negative
am_test_01241	neutral
am_test_01242	negative
am_test_01243	neutral
am_test_01244	neutral
am_test_01245	positive
am_test_01246	negative
am_test_01247	negative
am_test_01248	neutral
am_test_01249	neutral
am_test_01250	negative
am_test_01251	positive
am_test_01252	negative
am_test_01253	negative
am_test_01254	neutral
am_test_01255	neutral
am_test_01256	neutral
am_test_01257	neutral
am_test_01258	positive
am_test_01259	neutral
am_test_01260	positive
am_test_01261	neutral
am_test_01262	neutral
am_test_01263	positive
am_test_01264	negative
am_test_01265	neutral
am_test_01266	positive
am_test_01267	negative
am_test_01268	neutral
am_test_01269	negative
am_test_01270	neutral
am_test_01271	neutral
am_test_01272	negative
am_test_01273	neutral
am_test_01274	negative
am_test_01275	negative
am_test_01276	neutral
am_test_01277	negative
am_test_01278	neutral
am_test_01279	negative
am_test_01280	positive
am_test_01281	neutral
am_test_01282	neutral
am_test_01283	negative
am_test_01284	neutral
am_test_01285	neutral
am_test_01286	negative
am_test_01287	positive
am_test_01288	neutral
am_test_01289	neutral
am_test_01290	neutral
am_test_01291	negative
am_test_01292	neutral
am_test_01293	neutral
am_test_01294	neutral
am_test_01295	neutral
am_test_01296	neutral
am_test_01297	neutral
am_test_01298	positive
am_test_01299	negative
am_test_01300	neutral
am_test_01301	neutral
am_test_01302	positive
am_test_01303	neutral
am_test_01304	negative
am_test_01305	negative
am_test_01306	positive
am_test_01307	negative
am_test_01308	negative
am_test_01309	neutral
am_test_01310	negative
am_test_01311	neutral
am_test_01312	negative
am_test_01313	neutral
am_test_01314	neutral
am_test_01315	neutral
am_test_01316	neutral
am_test_01317	positive
am_test_01318	neutral
am_test_01319	neutral
am_test_01320	negative
am_test_01321	negative
am_test_01322	negative
am_test_01323	neutral
am_test_01324	neutral
am_test_01325	neutral
am_test_01326	negative
am_test_01327	positive
am_test_01328	neutral
am_test_01329	neutral
am_test_01330	neutral
am_test_01331	neutral
am_test_01332	neutral
am_test_01333	negative
am_test_01334	neutral
am_test_01335	negative
am_test_01336	neutral
am_test_01337	negative
am_test_01338	neutral
am_test_01339	positive
am_test_01340	neutral
am_test_01341	negative
am_test_01342	negative
am_test_01343	negative
am_test_01344	negative
am_test_01345	neutral
am_test_01346	neutral
am_test_01347	neutral
am_test_01348	positive
am_test_01349	neutral
am_test_01350	negative
am_test_01351	neutral
am_test_01352	negative
am_test_01353	negative
am_test_01354	neutral
am_test_01355	negative
am_test_01356	neutral
am_test_01357	negative
am_test_01358	neutral
am_test_01359	neutral
am_test_01360	positive
am_test_01361	negative
am_test_01362	positive
am_test_01363	neutral
am_test_01364	neutral
am_test_01365	neutral
am_test_01366	positive
am_test_01367	neutral
am_test_01368	positive
am_test_01369	negative
am_test_01370	neutral
am_test_01371	positive
am_test_01372	negative
am_test_01373	negative
am_test_01374	negative
am_test_01375	neutral
am_test_01376	neutral
am_test_01377	neutral
am_test_01378	positive
am_test_01379	negative
am_test_01380	negative
am_test_01381	neutral
am_test_01382	neutral
am_test_01383	positive
am_test_01384	positive
am_test_01385	negative
am_test_01386	positive
am_test_01387	positive
am_test_01388	neutral
am_test_01389	neutral
am_test_01390	neutral
am_test_01391	negative
am_test_01392	negative
am_test_01393	negative
am_test_01394	neutral
am_test_01395	positive
am_test_01396	neutral
am_test_01397	negative
am_test_01398	neutral
am_test_01399	negative
am_test_01400	negative
am_test_01401	neutral
am_test_01402	negative
am_test_01403	neutral
am_test_01404	negative
am_test_01405	positive
am_test_01406	negative
am_test_01407	neutral
am_test_01408	negative
am_test_01409	neutral
am_test_01410	neutral
am_test_01411	negative
am_test_01412	positive
am_test_01413	negative
am_test_01414	positive
am_test_01415	negative
am_test_01416	negative
am_test_01417	neutral
am_test_01418	negative
am_test_01419	negative
am_test_01420	negative
am_test_01421	neutral
am_test_01422	negative
am_test_01423	neutral
am_test_01424	neutral
am_test_01425	neutral
am_test_01426	positive
am_test_01427	neutral
am_test_01428	neutral
am_test_01429	negative
am_test_01430	positive
am_test_01431	positive
am_test_01432	neutral
am_test_01433	negative
am_test_01434	negative
am_test_01435	positive
am_test_01436	neutral
am_test_01437	neutral
am_test_01438	neutral
am_test_01439	neutral
am_test_01440	neutral
am_test_01441	neutral
am_test_01442	negative
am_test_01443	negative
am_test_01444	neutral
am_test_01445	neutral
am_test_01446	neutral
am_test_01447	neutral
am_test_01448	negative
am_test_01449	neutral
am_test_01450	positive
am_test_01451	neutral
am_test_01452	positive
am_test_01453	neutral
am_test_01454	negative
am_test_01455	negative
am_test_01456	negative
am_test_01457	negative
am_test_01458	neutral
am_test_01459	neutral
am_test_01460	neutral
am_test_01461	negative
am_test_01462	neutral
am_test_01463	neutral
am_test_01464	positive
am_test_01465	neutral
am_test_01466	negative
am_test_01467	neutral
am_test_01468	neutral
am_test_01469	negative
am_test_01470	negative
am_test_01471	neutral
am_test_01472	negative
am_test_01473	negative
am_test_01474	negative
am_test_01475	negative
am_test_01476	neutral
am_test_01477	neutral
am_test_01478	neutral
am_test_01479	negative
am_test_01480	negative
am_test_01481	neutral
am_test_01482	positive
am_test_01483	neutral
am_test_01484	negative
am_test_01485	neutral
am_test_01486	neutral
am_test_01487	negative
am_test_01488	neutral
am_test_01489	neutral
am_test_01490	negative
am_test_01491	neutral
am_test_01492	negative
am_test_01493	negative
am_test_01494	negative
am_test_01495	negative
am_test_01496	negative
am_test_01497	negative
am_test_01498	neutral
am_test_01499	positive
am_test_01500	negative
am_test_01501	neutral
am_test_01502	negative
am_test_01503	neutral
am_test_01504	positive
am_test_01505	negative
am_test_01506	negative
am_test_01507	neutral
am_test_01508	neutral
am_test_01509	negative
am_test_01510	positive
am_test_01511	neutral
am_test_01512	positive
am_test_01513	negative
am_test_01514	neutral
am_test_01515	neutral
am_test_01516	negative
am_test_01517	negative
am_test_01518	neutral
am_test_01519	negative
am_test_01520	negative
am_test_01521	neutral
am_test_01522	negative
am_test_01523	neutral
am_test_01524	negative
am_test_01525	negative
am_test_01526	negative
am_test_01527	negative
am_test_01528	negative
am_test_01529	neutral
am_test_01530	positive
am_test_01531	neutral
am_test_01532	positive
am_test_01533	negative
am_test_01534	neutral
am_test_01535	neutral
am_test_01536	negative
am_test_01537	neutral
am_test_01538	neutral
am_test_01539	negative
am_test_01540	neutral
am_test_01541	neutral
am_test_01542	positive
am_test_01543	negative
am_test_01544	negative
am_test_01545	neutral
am_test_01546	neutral
am_test_01547	neutral
am_test_01548	neutral
am_test_01549	negative
am_test_01550	neutral
am_test_01551	neutral
am_test_01552	negative
am_test_01553	neutral
am_test_01554	neutral
am_test_01555	positive
am_test_01556	neutral
am_test_01557	negative
am_test_01558	negative
am_test_01559	neutral
am_test_01560	neutral
am_test_01561	neutral
am_test_01562	negative
am_test_01563	negative
am_test_01564	neutral
am_test_01565	negative
am_test_01566	positive
am_test_01567	neutral
am_test_01568	positive
am_test_01569	negative
am_test_01570	negative
am_test_01571	negative
am_test_01572	neutral
am_test_01573	neutral
am_test_01574	neutral
am_test_01575	neutral
am_test_01576	neutral
am_test_01577	neutral
am_test_01578	neutral
am_test_01579	neutral
am_test_01580	neutral
am_test_01581	positive
am_test_01582	negative
am_test_01583	negative
am_test_01584	positive
am_test_01585	positive
am_test_01586	negative
am_test_01587	positive
am_test_01588	neutral
am_test_01589	positive
am_test_01590	positive
am_test_01591	neutral
am_test_01592	negative
am_test_01593	negative
am_test_01594	neutral
am_test_01595	negative
am_test_01596	neutral
am_test_01597	negative
am_test_01598	negative
am_test_01599	positive
am_test_01600	neutral
am_test_01601	negative
am_test_01602	neutral
am_test_01603	neutral
am_test_01604	negative
am_test_01605	negative
am_test_01606	negative
am_test_01607	neutral
am_test_01608	negative
am_test_01609	negative
am_test_01610	neutral
am_test_01611	neutral
am_test_01612	neutral
am_test_01613	negative
am_test_01614	neutral
am_test_01615	neutral
am_test_01616	negative
am_test_01617	positive
am_test_01618	neutral
am_test_01619	positive
am_test_01620	negative
am_test_01621	positive
am_test_01622	neutral
am_test_01623	positive
am_test_01624	neutral
am_test_01625	neutral
am_test_01626	neutral
am_test_01627	negative
am_test_01628	negative
am_test_01629	neutral
am_test_01630	neutral
am_test_01631	negative
am_test_01632	neutral
am_test_01633	neutral
am_test_01634	neutral
am_test_01635	neutral
am_test_01636	neutral
am_test_01637	neutral
am_test_01638	neutral
am_test_01639	neutral
am_test_01640	neutral
am_test_01641	neutral
am_test_01642	neutral
am_test_01643	neutral
am_test_01644	negative
am_test_01645	neutral
am_test_01646	negative
am_test_01647	neutral
am_test_01648	neutral
am_test_01649	negative
am_test_01650	neutral
am_test_01651	negative
am_test_01652	neutral
am_test_01653	neutral
am_test_01654	positive
am_test_01655	negative
am_test_01656	neutral
am_test_01657	neutral
am_test_01658	negative
am_test_01659	negative
am_test_01660	negative
am_test_01661	negative
am_test_01662	negative
am_test_01663	neutral
am_test_01664	neutral
am_test_01665	positive
am_test_01666	neutral
am_test_01667	neutral
am_test_01668	neutral
am_test_01669	neutral
am_test_01670	neutral
am_test_01671	neutral
am_test_01672	neutral
am_test_01673	negative
am_test_01674	negative
am_test_01675	neutral
am_test_01676	positive
am_test_01677	positive
am_test_01678	neutral
am_test_01679	negative
am_test_01680	negative
am_test_01681	neutral
am_test_01682	negative
am_test_01683	negative
am_test_01684	neutral
am_test_01685	positive
am_test_01686	negative
am_test_01687	negative
am_test_01688	negative
am_test_01689	neutral
am_test_01690	negative
am_test_01691	positive
am_test_01692	neutral
am_test_01693	neutral
am_test_01694	neutral
am_test_01695	neutral
am_test_01696	negative
am_test_01697	neutral
am_test_01698	negative
am_test_01699	negative
am_test_01700	negative
am_test_01701	negative
am_test_01702	neutral
am_test_01703	neutral
am_test_01704	negative
am_test_01705	negative
am_test_01706	neutral
am_test_01707	neutral
am_test_01708	neutral
am_test_01709	positive
am_test_01710	neutral
am_test_01711	negative
am_test_01712	negative
am_test_01713	neutral
am_test_01714	negative
am_test_01715	negative
am_test_01716	negative
am_test_01717	neutral
am_test_01718	negative
am_test_01719	negative
am_test_01720	neutral
am_test_01721	negative
am_test_01722	positive
am_test_01723	negative
am_test_01724	negative
am_test_01725	positive
am_test_01726	negative
am_test_01727	negative
am_test_01728	neutral
am_test_01729	negative
am_test_01730	negative
am_test_01731	negative
am_test_01732	neutral
am_test_01733	positive
am_test_01734	neutral
am_test_01735	neutral
am_test_01736	positive
am_test_01737	negative
am_test_01738	negative
am_test_01739	neutral
am_test_01740	neutral
am_test_01741	negative
am_test_01742	negative
am_test_01743	negative
am_test_01744	neutral
am_test_01745	neutral
am_test_01746	neutral
am_test_01747	negative
am_test_01748	negative
am_test_01749	negative
am_test_01750	negative
am_test_01751	neutral
am_test_01752	neutral
am_test_01753	positive
am_test_01754	neutral
am_test_01755	negative
am_test_01756	neutral
am_test_01757	positive
am_test_01758	neutral
am_test_01759	positive
am_test_01760	neutral
am_test_01761	positive
am_test_01762	positive
am_test_01763	neutral
am_test_01764	neutral
am_test_01765	neutral
am_test_01766	neutral
am_test_01767	negative
am_test_01768	negative
am_test_01769	negative
am_test_01770	neutral
am_test_01771	negative
am_test_01772	neutral
am_test_01773	neutral
am_test_01774	negative
am_test_01775	neutral
am_test_01776	neutral
am_test_01777	negative
am_test_01778	neutral
am_test_01779	negative
am_test_01780	negative
am_test_01781	neutral
am_test_01782	neutral
am_test_01783	negative
am_test_01784	negative
am_test_01785	negative
am_test_01786	neutral
am_test_01787	negative
am_test_01788	neutral
am_test_01789	negative
am_test_01790	negative
am_test_01791	neutral
am_test_01792	negative
am_test_01793	positive
am_test_01794	neutral
am_test_01795	negative
am_test_01796	neutral
am_test_01797	negative
am_test_01798	positive
am_test_01799	neutral
am_test_01800	neutral
am_test_01801	negative
am_test_01802	neutral
am_test_01803	neutral
am_test_01804	neutral
am_test_01805	negative
am_test_01806	neutral
am_test_01807	negative
am_test_01808	neutral
am_test_01809	negative
am_test_01810	neutral
am_test_01811	negative
am_test_01812	positive
am_test_01813	negative
am_test_01814	negative
am_test_01816	neutral
am_test_01817	positive
am_test_01818	positive
am_test_01819	neutral
am_test_01820	neutral
am_test_01821	negative
am_test_01822	neutral
am_test_01823	positive
am_test_01824	neutral
am_test_01825	neutral
am_test_01826	positive
am_test_01827	negative
am_test_01828	neutral
am_test_01829	neutral
am_test_01830	neutral
am_test_01831	neutral
am_test_01832	negative
am_test_01833	neutral
am_test_01834	negative
am_test_01835	negative
am_test_01836	neutral
am_test_01837	neutral
am_test_01838	negative
am_test_01839	negative
am_test_01840	neutral
am_test_01841	positive
am_test_01842	neutral
am_test_01843	neutral
am_test_01844	negative
am_test_01845	neutral
am_test_01846	neutral
am_test_01847	neutral
am_test_01848	negative
am_test_01849	neutral
am_test_01850	neutral
am_test_01851	positive
am_test_01852	neutral
am_test_01853	negative
am_test_01854	positive
am_test_01855	neutral
am_test_01856	neutral
am_test_01857	positive
am_test_01858	positive
am_test_01859	neutral
am_test_01860	neutral
am_test_01861	negative
am_test_01862	neutral
am_test_01863	negative
am_test_01864	neutral
am_test_01865	neutral
am_test_01866	positive
am_test_01867	negative
am_test_01868	negative
am_test_01869	negative
am_test_01870	neutral
am_test_01871	neutral
am_test_01872	negative
am_test_01873	negative
am_test_01874	neutral
am_test_01875	neutral
am_test_01876	neutral
am_test_01877	negative
am_test_01878	neutral
am_test_01879	neutral
am_test_01880	neutral
am_test_01881	positive
am_test_01882	neutral
am_test_01883	negative
am_test_01884	negative
am_test_01885	neutral
am_test_01886	positive
am_test_01887	neutral
am_test_01888	neutral
am_test_01889	positive
am_test_01890	neutral
am_test_01891	negative
am_test_01892	negative
am_test_01893	positive
am_test_01894	neutral
am_test_01895	neutral
am_test_01896	neutral
am_test_01897	negative
am_test_01898	neutral
am_test_01899	positive
am_test_01900	neutral
am_test_01901	negative
am_test_01902	positive
am_test_01903	neutral
am_test_01904	neutral
am_test_01905	negative
am_test_01906	neutral
am_test_01907	negative
am_test_01908	positive
am_test_01909	neutral
am_test_01910	negative
am_test_01911	negative
am_test_01912	negative
am_test_01913	neutral
am_test_01914	neutral
am_test_01915	negative
am_test_01916	neutral
am_test_01917	negative
am_test_01918	negative
am_test_01919	neutral
am_test_01920	neutral
am_test_01921	negative
am_test_01922	neutral
am_test_01923	neutral
am_test_01924	negative
am_test_01925	positive
am_test_01926	positive
am_test_01927	neutral
am_test_01928	neutral
am_test_01929	neutral
am_test_01930	negative
am_test_01931	positive
am_test_01932	negative
am_test_01933	negative
am_test_01934	negative
am_test_01935	neutral
am_test_01936	neutral
am_test_01937	neutral
am_test_01938	negative
am_test_01939	neutral
am_test_01940	negative
am_test_01941	neutral
am_test_01942	positive
am_test_01943	neutral
am_test_01944	negative
am_test_01945	neutral
am_test_01946	neutral
am_test_01947	neutral
am_test_01948	neutral
am_test_01949	neutral
am_test_01950	positive
am_test_01951	neutral
am_test_01952	negative
am_test_01953	neutral
am_test_01954	neutral
am_test_01955	negative
am_test_01956	negative
am_test_01957	negative
am_test_01958	neutral
am_test_01959	negative
am_test_01960	negative
am_test_01961	negative
am_test_01962	negative
am_test_01963	negative
am_test_01964	neutral
am_test_01965	neutral
am_test_01966	negative
am_test_01967	neutral
am_test_01968	negative
am_test_01969	negative
am_test_01970	negative
am_test_01971	neutral
am_test_01972	neutral
am_test_01973	negative
am_test_01974	negative
am_test_01975	neutral
am_test_01976	neutral
am_test_01977	negative
am_test_01978	positive
am_test_01979	neutral
am_test_01980	positive
am_test_01981	neutral
am_test_01982	neutral
am_test_01983	negative
am_test_01984	neutral
am_test_01985	neutral
am_test_01986	negative
am_test_01987	negative
am_test_01988	negative
am_test_01989	neutral
am_test_01990	negative
am_test_01991	neutral
am_test_01992	neutral
am_test_01993	positive
am_test_01994	neutral
am_test_01995	neutral
am_test_01996	neutral
am_test_01997	neutral
am_test_01998	neutral
am_test_01999	neutral
am_test_02000	negative
