,ID,tweet,label
0,ts_train_00001, loku u navela ku tissunga tissungue,negative
1,ts_train_00002,aha auxeni ti nguavani,negative
2,ts_train_00003,hahahahaha ih tipo arrombaram o nhoster httpstcoottujlkkl,negative
3,ts_train_00004,hiiiii ni livrarih ,negative
4,ts_train_00005, oh hosi yanga ,negative
5,ts_train_00006, eeeeh a nsati lwei a banana maj,negative
6,ts_train_00007,mu nga ni landzi na loya,negative
7,ts_train_00008, a ta ti nhela,negative
8,ts_train_00009,wa ni danissa httpstcopxjbaqsi,negative
9,ts_train_00010,u gama u kuma valores httpstcotfqyetaki,negative
10,ts_train_00011,ihhhhhhhhhhh a chirami ka lomuu,negative
11,ts_train_00012, então ungah ni trapalhari wena pah,negative
12,ts_train_00013,hahahah swa nsila só httpstconiltghypu,negative
13,ts_train_00014,famba ni ma range ya wena ,negative
14,ts_train_00015,a xilungu xakarata ,negative
15,ts_train_00016, famba ti gumula hi parede,negative
16,ts_train_00017,u bihile demais lokhu ulangunta hansi a xikwembo swo kubha i mazwidji ,negative
17,ts_train_00018,yuh mamã a ni ku lavi mina,negative
18,ts_train_00019,i tinholuene a xwi dari httpstcohayesmvrb,negative
19,ts_train_00020, wa hlanha lweyi,negative
20,ts_train_00021, ki está a criar um vuku vuku grande sabe,negative
21,ts_train_00022,messi wa nhine ,negative
22,ts_train_00023, hosi yanga ,negative
23,ts_train_00024, uta ni dhlaya,negative
24,ts_train_00025,xitomb xa wuako httpstcorwgnhryw,negative
25,ts_train_00026,ih ni livrari yu httpstcobrptvilfjc,negative
26,ts_train_00027,ho hi danissa wena wananga httpstcozwhrwvfqi,negative
27,ts_train_00028, wuaa swa ma supera patrick ani tendere,negative
28,ts_train_00029,hi tafa hi ndlala,negative
29,ts_train_00030, namuntlha nada baiye a xirhame ci demanji,negative
30,ts_train_00031,suka xtapora niti dlela male ya mina toh ta falar noh ti dlela male yah mina ,negative
31,ts_train_00032, hambi uku nhó um dia uta sunguna ku phuza na mesma,negative
32,ts_train_00033,swi mbeni mas vale u mielaaaaaaaa,negative
33,ts_train_00034,famba uya ti fassa httpstcorxnirypcrl,negative
34,ts_train_00035, pimissa nhana u tsika madururo,negative
35,ts_train_00036,barcelona loko ni file mungane rilane,negative
36,ts_train_00037,swa yentxeka não tá nada nice ,negative
37,ts_train_00038,hahahahaha hadjakufa lweyi é provocar overdose isso httpstcooicwuemax,negative
38,ts_train_00039, swimbenhane wa dja ku ni hembissa ja ,negative
39,ts_train_00040,aha swa mbangue tsala swi mbeni hloko ya pao,negative
40,ts_train_00041, nawene tem que o tsika madururo u pimissa nhana,negative
41,ts_train_00042, ova na vuntswaka lowa nhloko,negative
42,ts_train_00043,yuh vá djula ku ih hlongola ka tiku ledzi ih dhlawileh httpstcovphwgzkdd,negative
43,ts_train_00044,u ku um dois u mu ba ka xifuva a fa inah swa djuleka ,negative
44,ts_train_00045,hosi yanga httpstcofslfykktj,negative
45,ts_train_00046,wali wa dula httpstcosqhcquoe,negative
46,ts_train_00047, unga hi nhenhentsi wena,negative
47,ts_train_00048, a nguenile matilwene,negative
48,ts_train_00049,ikhali mina ni zunga waku djokuni tolovela sg,negative
49,ts_train_00050, vha ta dlaya,negative
50,ts_train_00051, swa kharata mpela khambi funtsi a ih swi tsiki ,negative
51,ts_train_00052,u la kuta ka mina ungati na usiku u zama zama kuni phazamisa u la ku nivuyisela a gono ni meticali,negative
52,ts_train_00053, a xizame da kwapa mesmo httpstconhgwjmafrx,negative
53,ts_train_00054, mas khasi a u teke nsati hi maka muni,negative
54,ts_train_00055,famba ti kundza invejosa httpstcojeqckys,negative
55,ts_train_00056,ceh ina ka i para hi ku yini httpstcohzbhacyke,negative
56,ts_train_00057,ka hissa kola missavene ,negative
57,ts_train_00058, hi maka ruy ,negative
58,ts_train_00059, swimbenhane vata hi rhivalela mas ava futseke,negative
59,ts_train_00060, uku ni dzo ,negative
60,ts_train_00061, hi ku pfinha va hi sola,negative
61,ts_train_00062, why uni lembrara lexwu wena wa kazata,negative
62,ts_train_00063,va khu ndzaveta u va khuma la httpstcotppljuxwiq,negative
63,ts_train_00064, ani madururu npfana lweyi,negative
64,ts_train_00065,“a xwi chegui ka” httpstcoejeuemn,negative
65,ts_train_00066, yu tindzava tsika mbangui mpfana e nita ku desprogramara,negative
66,ts_train_00067, himpela wo nhimela nkama wa ko u fika yena a poronto ni mu fundile bem mas wa karhata nhana,negative
67,ts_train_00068, famba u ya ti gunha hi parede,negative
68,ts_train_00069,swa mbangue ni ma cigarri httpstcodzrdfhjw,negative
69,ts_train_00070,u tsama u ui vona a mbongolo yi nga xidjana ih leyi lani httpstcorwbgvtxic,negative
70,ts_train_00071, tili luweme nase a mulungu otisunga,negative
71,ts_train_00072, unga ni lhanhele mina,negative
72,ts_train_00073,a xizame xo kwapa hi,negative
73,ts_train_00074,hi ta hambana hi ma central httpstcodulpveqa,negative
74,ts_train_00075, afinal fere a vista ni dzivaleli a ni nga swi tivi ,negative
75,ts_train_00076, uta kuma timaka hi maka ma brincadeira,negative
76,ts_train_00077, wena uni ntxumo uxi mahaka ni guele ingui u bom pra puto puto mas haaaaa,negative
77,ts_train_00078,wenna hu ta ni txanissa ih voz man httpstcohyfpftajz,negative
78,ts_train_00079, va mu tlelile pah tlelaaa,negative
79,ts_train_00080,misava yi bihile ihhhh ,negative
80,ts_train_00081,tiva hini hi khu fassa httpstcoysjaptdz,negative
81,ts_train_00082,hi dlawile httpstcoedaofmhws,negative
82,ts_train_00083,“kasse mamana ya wena ii herioa”,negative
83,ts_train_00084, himakha mune lesho em moz seria ku ba mpama mina durante,negative
84,ts_train_00085,u la ku nitxintxa my baby u la ku nitxintxa my baby,negative
85,ts_train_00086, nitaku panhula hi xinwui xa tiro,negative
86,ts_train_00087, unga ni lheki,negative
87,ts_train_00088,mina ningue fambi hi lane,negative
88,ts_train_00089,a xizami ehhh ,negative
89,ts_train_00090,na unitiva tem opium httpstcowqngzbm,negative
90,ts_train_00091, wa nsila lweyii damnnnnnnn,negative
91,ts_train_00092, senhora atirha hospital privado lani a humaka kona vatwa hiyena vana vayena angava pfumeli vatlanga na vana vanwani ,negative
92,ts_train_00093,u ta swi vona httpstcouvvwsxcv,negative
93,ts_train_00094, pfutseka para ti que ttaste,negative
94,ts_train_00095, heee ha ni wa lewso mina ,negative
95,ts_train_00096,“wa vizinhouuu nikonbela ko loyiwaaaa” httpstcoplssvdpvkl,negative
96,ts_train_00097,nitaku panhula ih xinwe xa tiro httpstcosxjesxjw,negative
97,ts_train_00098,nako male ya mu phuntissa httpstcobfehqtoda,negative
98,ts_train_00099, depois saem hi matalane vha buya vhata yih hlupa,negative
99,ts_train_00100,swi mbeni e má vagwi ya má like,negative
100,ts_train_00101,vamos demostrar solidariedade masculina a xi pfutseki httpstcoqnrlxhxz,negative
101,ts_train_00102,manhokonhoko tsem swa ti mbangue ni ma cigarri leswoooo lol just jkn httpstcopyqyqpba,negative
102,ts_train_00103,vataku yivissa mova mamanou owooooooh wa tlanga wena keep tlanguing uta dzila httpstcolraqgwagg,negative
103,ts_train_00104, unga lhai lava vá lhayaka swaku kuni ma gerador nem a vá kutive albasine cola ka maputsu ambi bobole loko kungana placa ava ku tive ja vá tiva ma gerador ya tiko hewenou hambe male kona ma gerador a mana gasolina pru falta ya orçamento,negative
104,ts_train_00105, a vhula vhula ngopfu problema,negative
105,ts_train_00106,a biwile hi xoque mano mone txiii httpstcopnakmltwt,negative
106,ts_train_00107,nitaku panhula hi xikwe xa tiro lá httpstcofiacrwqct,negative
107,ts_train_00108,hambi honi nhenha kassi wani nhenha wayi uni nhenha mavelevele hustler ,negative
108,ts_train_00109,haaaaaaaaaaaa wa hemba httpstcogoxnhl,negative
109,ts_train_00110,“xitombo xa zaida”,negative
110,ts_train_00111, ya pokehh o xpantuu llzz,negative
111,ts_train_00112,aweh a tihlu httpstcomnnobclw,negative
112,ts_train_00113,xa gwirha hiiiii a xi vojani httpstcovrmvvnfv,negative
113,ts_train_00114, ahu xitwi xizami papá ,negative
114,ts_train_00115,conforme muswivonaka va timile maguezi khanimambo edm,negative
115,ts_train_00116,hi honili ini já httpstcogkpcywww,negative
116,ts_train_00117, colisença awe xitombo xa mwako uly istrato xanhine wako lexy,negative
117,ts_train_00118,cada porcaria hosi yanga,negative
118,ts_train_00119,edjoo fria ta kwapar,negative
119,ts_train_00120, a u tivi ntxumu,negative
120,ts_train_00121,para depois anga nandzike leswo swa ma foto hum httpstcokywatota,negative
121,ts_train_00122,fui dar uma chance a sushi swani luma ndzene,negative
122,ts_train_00123,himina muyivi wa botija httpstcommurgepa,negative
123,ts_train_00124,manter estrada que estamos a pagar munga hilhupi,negative
124,ts_train_00125,ka hissa lah kah maputso,negative
125,ts_train_00126,marido após ter pedido chá há uma hora será que ni ta kweva a chana namutla esposa u ta kweva boy aliás boss marido hi mani boy esposa ni phazamile hi wena boss assim estamos na esquadra ,negative
126,ts_train_00127,ku gama ku humelela mabandido httpstcoehaluzitq,negative
127,ts_train_00128, swi tivissi swi biya kkkk,negative
128,ts_train_00129, wa loya ,negative
129,ts_train_00130,porras ya swi tá gama hi merda,negative
130,ts_train_00131,bom rapper a gama ku biwa ,negative
131,ts_train_00132, xô lava kunha só mara wa xi lumbeta,negative
132,ts_train_00133,fotos do idai tsika ku hi hembela httpstcoytqxnpflh,negative
133,ts_train_00134, ku biya kwaku,negative
134,ts_train_00135,nem é wow kasi a ni ya kwini,negative
135,ts_train_00136,matximba yaku ingui swa mahala httpstcoffdnrxpp,negative
136,ts_train_00137, wa biwa wene,negative
137,ts_train_00138, he ningoss ani voni ku biha loku hiya hala ka twitter na whtspp mara ka facebook swibihini niri khombomunimozambique,negative
138,ts_train_00139, hiiiiiiii wa ni xicha ,negative
139,ts_train_00140,hawena hinga ni tsika pah httpstcormkzuwsn,negative
140,ts_train_00141, epa a swi dare,negative
141,ts_train_00142,utwa mbangui wena httpstcoeroesgkbj,negative
142,ts_train_00143, ina ku jika jika ntsena,negative
143,ts_train_00144,ni ta ku ronha gotwana ,negative
144,ts_train_00145, ni khome buti ,negative
145,ts_train_00146, sister lowi hikuya himina angatekiwange end ana vana vanarho va papa vo habana end angangeni kereka nabiya wa phuza,negative
146,ts_train_00147,a vavasati ya tswira a tibi bem hi nhloko httptcoaoshucf,negative
147,ts_train_00148, rixile vha haxi leswi ningakaswona namuntlha swivhavha ngopfo aswihambananga no bhukela a t v yokala yinga vulavuli ka xiphemu lexo sungula nita muvhona kola ka twiter ,negative
148,ts_train_00149,tivha yini hi paixao wenaa httpstcotxhrbqsn,negative
149,ts_train_00150, oh ok xô niku txiketile,negative
150,ts_train_00151, wa gwira weni pa,negative
151,ts_train_00152, va xisati hi kotala avana sapoti wansati hambi loko ari president u tsaka hi kuxaveliwa vatlela vadiziwa niri la moz,negative
152,ts_train_00153, edm djoh wa hi danissa,negative
153,ts_train_00154,wa famba o duwuliwa,negative
154,ts_train_00155, famba txuta hahaha ,negative
155,ts_train_00156, minga valavuli hi mbilu ya mina ya vava vahaxi,negative
156,ts_train_00157,ihhhhh ih ih ih um perigoso awenaaaaaa,negative
157,ts_train_00158,wena awu ni tendere nkata ,negative
158,ts_train_00159,fissekane ni barcelona yenu hallamadid ,negative
159,ts_train_00160, wa loya wene hi tsiki,negative
160,ts_train_00161, sangula ku switwa ti vutisa ku va ngave va endle yin xakahle namuthla,negative
161,ts_train_00162, niva vonili lavaka mhani ku va xongile swinene ndlela ya xai xai na yona ya penga na leswa maphorisa loko swiku yimisa swo tirha ro no problem the problem is coca cola ,negative
162,ts_train_00163,aweennn ka hissah nem haku sebaa doze,negative
163,ts_train_00164,ih piki sixti i dii nirmil ftsekeee maluuuuco,negative
164,ts_train_00165,nada a swi twsisiseke httpstcoclousckjc,negative
165,ts_train_00166, tsek wena satan,negative
166,ts_train_00167,wa yitiva wena kumbe hota mbangui loko yi nhiwe himbutina we ,negative
167,ts_train_00168,yeahfamba a la mierda httpstcoheacdoc,negative
168,ts_train_00169,dadinhaz around tha world hani tsikka ka maputo afamba a tshama london,negative
169,ts_train_00170,a mbangui mu dzahaka yowe yowe,negative
170,ts_train_00171, ni caralile boy,negative
171,ts_train_00172,xitombo xa ngwako httpstcoujizthrl,negative
172,ts_train_00173,uwani me chamou de marandza ih,negative
173,ts_train_00174,futseka wena famba ti ginha hi xpinhosa httpstcossxyifasy,negative
174,ts_train_00175, ni ta rendera,negative
175,ts_train_00176,aah futsek wena httpstcoquvubodf,negative
176,ts_train_00177,xitombo xa nhomphi httpstcofpxtspmn,negative
177,ts_train_00178, xitombo xa wanku,negative
178,ts_train_00179,a va vassati va loya,negative
179,ts_train_00180,futseka wena eh httpstcotxmahlranu,negative
180,ts_train_00181, amitxino ya barhule yifambisana nitisimu ta yenaiswo rhuketela hikwaswo ,negative
181,ts_train_00182, wa hlanya wena kea bona httpstcouwuuu,negative
182,ts_train_00183, admitam mu vha yive nwine,negative
183,ts_train_00184,fisseke wena pah httpstcousfmyevmu,negative
184,ts_train_00185,sabedorialocal leswi munga ka swona swi fana ni kuya rhinga nyanga kumbe ya tirha ti vonele ngozi madala ndota dálviomachava,negative
185,ts_train_00186,wa hi hemba mane ,negative
186,ts_train_00187,maputo ka hisa sorry la,negative
187,ts_train_00188, hahahah u ta rendera,negative
188,ts_train_00189, essa noite swa hila,negative
189,ts_train_00190,loku u gwuira ni ta ku tsika ,negative
190,ts_train_00191, loku u dlhawa hi precoce httpstcoegekzkq,negative
191,ts_train_00192, aaaaassh wena mani ,negative
192,ts_train_00193, obama ce u dakwile ,negative
193,ts_train_00194,niku zwê tititi a ni ngueni mina ,negative
194,ts_train_00195, lolgtgt shii manooslowly wa biwa,negative
195,ts_train_00196,sono u kwini,negative
196,ts_train_00197, ya mas iiiih nada ,negative
197,ts_train_00198,mhunti ya mona sowetoem casa chokwe httpstcospcuaddf,negative
198,ts_train_00199,va tsike bai httpstcoyxwqtbl,negative
199,ts_train_00200, utah ni dlaya salubri ,negative
200,ts_train_00201, va delela ntlha,negative
201,ts_train_00202,kasi swa vava ku tsikiwa cidade de chokwe httpstcomjhunj,negative
202,ts_train_00203, uni txova yini ,negative
203,ts_train_00204, high dj himi kuma kahle hirila mozambique ka khubu hi i adolfo mimbire ka khubu,negative
204,ts_train_00205, hi nga ribali futhi na mhaka leya ku dlaya vanhu va ti albino,negative
205,ts_train_00206,swa vavissa vakithi ho ondza na vo kuluka,negative
206,ts_train_00207, topic i vona hiku na loku mihlangana anipfuxeliwi niblockiwa ka ti social ntwrk,negative
207,ts_train_00208,acula ai aquilo ali mawaku wa hi danissa juro,negative
208,ts_train_00209,gérdio paaahpastorpastor dza ku hini a hi sizi mani ,negative
209,ts_train_00210, hhw boti unga vileli xikwembu xita hlayisa sesi vana mbilo ya sathana,negative
210,ts_train_00211,mma ih prigozo manji ,negative
211,ts_train_00212,u tadla biloko httpstcoqvlsgwny,negative
212,ts_train_00213, munganu leswi swa lhanhelana bha upimissa swaku o miss universo loku upfuka yuuu uli hansi,negative
213,ts_train_00214,futsek wena eh httpstcougmvbcmlz,negative
214,ts_train_00215, ahahahahahaha wahidanissaa nsia d doh ih xixa hahahahhaha,negative
215,ts_train_00216,a loko niko hi matilho lo bindzaminengue wo tiya,negative
216,ts_train_00217, hahahaha futseka wena,negative
217,ts_train_00218,utafa u siya ulombe himaka tinhama httpstcosxnojtqbl,negative
218,ts_train_00219,loku ungali wa mina swa yaswa ussussa mbilo ya mina,negative
219,ts_train_00220, fvck u pha,negative
220,ts_train_00221,eish vo ni kama ca chapa,negative
221,ts_train_00222,hahahahaha yu yu yu yu wa hi danissa httpstcogaycje,negative
222,ts_train_00223,tsika ku hanha hutomi dza vamwanhane ,negative
223,ts_train_00224,xtombo xa ngwako oskh’an test us papá don’t play like that httpstcotgxcaqqim,negative
224,ts_train_00225, ho va nhenhentsa,negative
225,ts_train_00226, angihambi nawe wathi ngimubi wena,negative
226,ts_train_00227, hhw sesi famba uya vonana na papa face to face uhlamusela mhaka ya wena papa va rhelela moya,negative
227,ts_train_00228, famba ti nhela nilza eh eh eh,negative
228,ts_train_00229, ali exageram ih,negative
229,ts_train_00230,ubhema ama drugs wena httpstcosomoixqi,negative
230,ts_train_00231,uni endla yini hivu nanga mani nile xokwe dstv ,negative
231,ts_train_00232, wa pupuruka wena,negative
232,ts_train_00233, hunga kwati vavito ni dzivalele ,negative
233,ts_train_00234,nikombela ku etlhela ,negative
234,ts_train_00235, f u pah ,negative
235,ts_train_00236, mu randza xwa mahala httpstcozflalwzd,negative
236,ts_train_00237, mina vhahaxi nipfukile ni ndlhua ni teka amungano wamina hitaya ntirweni nimukeme iwa hayo lelheeeeeeeatwa axirhami katitimela la magude ,negative
237,ts_train_00238,auditoria wa matximba,negative
238,ts_train_00239, namina aniswi tivi swaku president mbalula di endle yini,negative
239,ts_train_00240,famba ti kundza httpstcoglaqirnnk,negative
240,ts_train_00241,na mina nile ku yingiseleni ka nongonoko lowu wo xonga swonghasi nirila mozambique ka khubu njhe ,negative
241,ts_train_00242,ubakka va ta zwa ku vava,negative
242,ts_train_00243,a loko wa nuna a baleca wa nsati nambe hele bonita xicona xicona lexi xi balequisaca lueyi wa papa,negative
243,ts_train_00244,wena u txela mate,negative
244,ts_train_00245,hahaha ka dlala httpstcoopgpmosj,negative
245,ts_train_00246, kalhe kalhe loko mahari kona nwina akutlelekiaku humekiaku fambekiaku tirheki aku endleki ntxumu loko nwina mahari la yotsama hi yingisela muze mufamba,negative
246,ts_train_00247, heeee wenna ni tsiki,negative
247,ts_train_00248, u kundzekiwile bai,negative
248,ts_train_00249,eh eh eh ni livrari httpstcoxezdabz,negative
249,ts_train_00250, ntaku greeka wena,negative
250,ts_train_00251, se buti brian nwana wa hale ka hina u kahle ngopfu ka ku khenya xi pouguese ,negative
251,ts_train_00252,edjô aloko niku €amp ni biwa hi zululuane ,negative
252,ts_train_00253,famba te kundza pah hahahahahahahahah httpstcokucybzr,negative
253,ts_train_00254, rixile he skhokho mina niku kuma hi app yinwani hambi leswi yi pfaku yi tsema tsema nina nwina nirila mozambique ka ncaincai hi ntirho ,negative
254,ts_train_00255,a nuna wa wena i malandro,negative
255,ts_train_00256,fambane mi te kundza nwine ok estudos swa kho vha hambi ka kehele dza mani httpstcookpurnh,negative
256,ts_train_00257,nheeee ni tsike httpstcolhaxpayed,negative
257,ts_train_00258,deve nikuh loya xa loya,negative
258,ts_train_00259,uh dzah ih mbangue mr virgil httpstcotgkynt,negative
259,ts_train_00260,swa fana hi tafa httpstcobzzyravp,negative
260,ts_train_00261, wa biwa lwei,negative
261,ts_train_00262,uni txova yini gt httptcowirvhmcyog moneycomio hiphopmoz,negative
262,ts_train_00263,hahahahahaha faxavor ya dont httpstcofvxytgfrmr,negative
263,ts_train_00264,khasi u djulaa niku hini mamanee,negative
264,ts_train_00265, kassi wa tsonana httpstconbaixwwthp,negative
265,ts_train_00266,agana tigana lweyi wa mamane a tiya aya kuma nhimbou agama a swi teka a swivanani a swi peta derenajii httpstcopyzr,negative
266,ts_train_00267, mas ni yetxi yini unga ni loyissi,negative
267,ts_train_00268, hahahahah futseka wena ,negative
268,ts_train_00269, topic uvona hiku loku hi hlangana anipfuxeliwi and ni bockiwa ka ti social ntwrk,negative
269,ts_train_00270, muhaxi mbilo yamina ya vava hi chiefseshh niri khombomunimozambique ,negative
270,ts_train_00271, hahahahhahahahahhaa txoka wena,negative
271,ts_train_00272, ni nga dlawi httpstcooyvszaaqx,negative
272,ts_train_00273,timaka ku famba ngofo hi nhimile kola maracuene maracuene httpstcohnjboegbd,negative
273,ts_train_00274,utd wa biwaa httpstcopzbxea,negative
274,ts_train_00275,swi dja kufembiwa httpstcoelcbofp,negative
275,ts_train_00276, unga ni singuite ni mumu ló,negative
276,ts_train_00277, ni livrari txau,negative
277,ts_train_00278,mom dii faz coisa xx eu busy cota mom futseka nkila waku o humi uxi nampfa lexi ja wa yala i love her,negative
278,ts_train_00279,bwakakaka ni tsike httpstcobiupolbml,negative
279,ts_train_00280,uhum evita ya httpstcofwuwtmtouj,negative
280,ts_train_00281, wa biwa wened,negative
281,ts_train_00282, ni kazalile phelassi,negative
282,ts_train_00283, mwine mu tá biwa já ma ni lhekissa ,negative
283,ts_train_00284,morning swa mbangue,negative
284,ts_train_00285, pfuxa rafael ndlhovu ka mavodze antoni nyathi la pitori cuvuka valoyi ka xisungele i adolfo khosa la moz ka khubu,neutral
285,ts_train_00286,u womu sau,neutral
286,ts_train_00287, nina nwinaahi fambeni hita fika le ka hour mutxayeri ifambisa kahle nongonoko mina ni tsame la back seat la a gwambeland intukulo wa gwambe na dzavale xihluke xa ngungunyane,neutral
287,ts_train_00288, ih kd hawena,neutral
288,ts_train_00289, ja wena stella,neutral
289,ts_train_00290, lo gaaaaaaa ni kume vanwani vantswa,neutral
290,ts_train_00291,gingirikani swiya hiko tembisana ka vona e ku sunguleni,neutral
291,ts_train_00292,aloku niku im ya ba buluko,neutral
292,ts_train_00293, sala kata ha to,neutral
293,ts_train_00294, u ta djikimela dzi mu tsika httpstcopxfhvdooxe,neutral
294,ts_train_00295, loco váku nhika nikombela uni tlhamuxela bai namina ni djula fswolefswo,neutral
295,ts_train_00296, wasvivona svosvi kopfukiwa hikhanga hi svihlaya lesvi khaaale,neutral
296,ts_train_00297, eka teka famba big ,neutral
297,ts_train_00298,kutta ka bacha httpstcoqdhrzim,neutral
298,ts_train_00299, help ka nhai mukomana,neutral
299,ts_train_00300,ni teka ni famba ou no dá ko hala,neutral
300,ts_train_00301,obuti wa hao yena a reng,neutral
301,ts_train_00302, a xitilo xa bobi hi xi,neutral
302,ts_train_00303, vatlanga ha lona,neutral
303,ts_train_00304,kea tshosetsa mara o ke wena httpstcopoodud,neutral
304,ts_train_00305, swilo swa kona hi voice ya connizer,neutral
305,ts_train_00306, ku famba yin la africa do sul,neutral
306,ts_train_00307,yena a ya kwine httpstcoiruvtsrptb,neutral
307,ts_train_00308, wasvitiva a kutsala hixitsangana ,neutral
308,ts_train_00309, akuna xitombooo swaku thlanga ni mboloooo ,neutral
309,ts_train_00310, vhondwa djow xibhehe wa xi tiva,neutral
310,ts_train_00311, wa txintxa ,neutral
311,ts_train_00312, conforme me swi vhonaka isto requer uma conxienxia e idade elevada,neutral
312,ts_train_00313,kuna xukela la ka mina kuna xukelakuna xukela lá ka mina kuna xukela ,neutral
313,ts_train_00314,vata i kuma ximuxueneee vaku magumba haleenooo,neutral
314,ts_train_00315, awena aku duumm amamela asvitwisisisa kahle ntiyiso linene ,neutral
315,ts_train_00316,na mukha ni ya kaya,neutral
316,ts_train_00317,conforme mo swi vonaka httpstcofmwflwxo,neutral
317,ts_train_00318, conforme mu swi vonaka httpstcoqpssvcg,neutral
318,ts_train_00319,bwakakaka hi lhevana muito mal httpstcopsbqnjmbg,neutral
319,ts_train_00320,va yi kwine a vangana va wena vila olimpica do zimpeto httpstcoxjeaxcmaa,neutral
320,ts_train_00321, niku vonile na nifamba hi movha ani jahile niku vone ka nkuna ka palmeri,neutral
321,ts_train_00322,a vasati laku tawas,neutral
322,ts_train_00323, mi svi vonaka,neutral
323,ts_train_00324, ani nhlaya leswi ni swi vonaku,neutral
324,ts_train_00325,a loko niku hiiin httpstcosxjiciwd,neutral
325,ts_train_00326, lano a moya wa paraia inkwawu hu fambela kolomo então só podi u ti lunguissela bavou xi ta teka xi tereto,neutral
326,ts_train_00327,a macena má loukizzzy muzaia ,neutral
327,ts_train_00328, no mu txuvukissa lwehi wa papai ,neutral
328,ts_train_00329, varikufanirwa ku adviser ani,neutral
329,ts_train_00330,unga andlhali lá bazara mintxumu ya caia httpstcokrsjyti,neutral
330,ts_train_00331,todos escutamos mina ningué fambi yi lá ,neutral
331,ts_train_00332,refiller boy hosi yamo ganga httpstcoxjhuxlhkz,neutral
332,ts_train_00333, pôdi ni xava ndjaku kalhula a mintxumo httpstcofblxffhxa,neutral
333,ts_train_00334,va makwerhu a mungoyothaya em tomanineguijá gaza moçambique httpstcopxpufqply,neutral
334,ts_train_00335,iii telivisor ya wena ya lego httpstcolrhqpsojgg,neutral
335,ts_train_00336, maji angana xi baciana lweiyo,neutral
336,ts_train_00337, mina ni pimisa ku tasi o desesperadocliente,neutral
337,ts_train_00338,u s … aqormv ndlavela httpstcoxtzzgsdzw,neutral
338,ts_train_00339, kasi mina se nilo onha yini ti tweets ta mina amihlayi vahaxi,neutral
339,ts_train_00340, kasse u txava hinni,neutral
340,ts_train_00341, vata rin ka wena,neutral
341,ts_train_00342,ni dzinginika na nsati wamina nthabiseng mashaba ka xokwe nwana mina inocente mathonsi na conny mathonsi ka xokwe ,neutral
342,ts_train_00343,le wena wa ba zoza httpstcoblayxuvc,neutral
343,ts_train_00344,phula minegue ni diwa até ku huma ndzilo httpstcooaawhylxc,neutral
344,ts_train_00345,swa yantswa uti twisa hiku loku uta famba vata sala vati busa cidade de chokwe httpstcobragmlgcwq,neutral
345,ts_train_00346,ahi tivaneni mina ni leonildo wali chokwe wena ke chokwé httpstcobkyfgebjle,neutral
346,ts_train_00347, wa kala babu,neutral
347,ts_train_00348,raha pfurha ka nsati wamina nthabiseng mashaba ka xokwe ,neutral
348,ts_train_00349, oww ok ih,neutral
349,ts_train_00350,ya ya ya magoanine httpstcoqzedznchjm,neutral
350,ts_train_00351, ka khulu lako swaswameta lo gaaaaa hi xikosi,neutral
351,ts_train_00352, mindzumba nina wena mais vehlo kuna moya nyana namuntla httpstcoeesrwqoyit,neutral
352,ts_train_00353,ku lhamba vavakulo,neutral
353,ts_train_00354, topic akuna ku hambana vahaxi na hlonge yinwani ntsena i respecthi bula navona ive hi share navona ka ti social,neutral
354,ts_train_00355, wakutiva amagude dj akaya kaya ka mina,neutral
355,ts_train_00356,xa ku txukatxukanhana mas a keheleeeee httpstcoxehpath,neutral
356,ts_train_00357, conforme mo swi vonaka httpstcoxqciwslp,neutral
357,ts_train_00358, taku endlela naha faka tinambara ta wena ka whatsapp leya xiputukezi,neutral
358,ts_train_00359, rixile he skhokho niku kuma kahle nirila ka ka ncai ncai e mozambique i adolfo mimbire la moz ka khubu,neutral
359,ts_train_00360, hiri ni nghena,neutral
360,ts_train_00361,hi ta ya ka wutomi ,neutral
361,ts_train_00362,sesi lindiva niku yingisela kusuka dorobeni ra chokwe mozambique kaya mbuya wayi tiva dstv kumbi wotwa ,neutral
362,ts_train_00363, minjane vahaxi vhantokoto mina nipfukile nonyimela ankama waphaphama wu hela nita kota a kuya ntirwene hikuva akutireke loko kahana nwina vhahaxi ,neutral
363,ts_train_00364,swili leswi u tivaka nguiza hina ku lava hi nyombela httpstcocyjyvjt,neutral
364,ts_train_00365,ali mina ni httpstcoyoduffhad,neutral
365,ts_train_00366,ni tsundzuka vicente sambo a putfontein police station ka xingange nsati wamina nthabiseng mashaba ka xokwe ,neutral
366,ts_train_00367,ba teka teka teka hi mani mulato ba teka teka teka hi mani mulungo ba teka teka teka hi mani mbanyanga xilhaulamani,neutral
367,ts_train_00368,a xitiloo xa boby hiii nchine httpstcolgoanmezg,neutral
368,ts_train_00369, conforme mi swi vonaka,neutral
369,ts_train_00370,ahahahahaha ih ya ya ya httpstcoutzvquxj,neutral
370,ts_train_00371, wena kumele uhambiswe… httpstcoohmydnhr,neutral
371,ts_train_00372,uh stivissa ku ine leswu httpstcovjxhamk,neutral
372,ts_train_00373, makwenu wa wena,neutral
373,ts_train_00374,mozambique is burning tag nghena mintirho wa vulavula chicualacuala district httpstcoxtsipal,neutral
374,ts_train_00375, tavuya vahaxi mahaka matorokisi ni muyingisile niri kola akaya amagude mozambique ,neutral
375,ts_train_00376,mabermuda matilhoxa wula wula httpstcotwzuhwjf,neutral
376,ts_train_00377,he kombela ntirhu ta replace rendani ndou ani maphepha hungu yari iya ka pirates httpstcoxfuygls,neutral
377,ts_train_00378,estrela we u randza mane ku mina na yena,neutral
378,ts_train_00379, nimu yingisela nile ka xokwe mozambique dstv,neutral
379,ts_train_00380,uyaphi ku nendoda httpstcojdhkuinxpk,neutral
380,ts_train_00381,mara dj wa marhandza mavhavha ,neutral
381,ts_train_00382, wa switiva papa,neutral
382,ts_train_00383,streaming live ni ri kwala maputo bondia amp ,neutral
383,ts_train_00384,pandzela ntsandza wa majaha nwana i tiva hi mutswari baji ra makhelwani wari ambala ritlhela… httpstcoduhttgbvd,neutral
384,ts_train_00385,ih rihanna djon httpstcowmiorqzq,neutral
385,ts_train_00386,xitiloo xa djanine xitilo xa bobixine ahh yowee ,neutral
386,ts_train_00387,ningene na nwina eka nili kwala mozambique ka macia hi xohondzo lexi ,neutral
387,ts_train_00388,wa vurisa mfowethu httpstcowvglhhwle,neutral
388,ts_train_00389, niku khoma nile xokwe dstv,neutral
389,ts_train_00390,teka famba ou gina httpstcopbdbohbsje,neutral
390,ts_train_00391,ya xigadzana ehh,neutral
391,ts_train_00392, li fana ni nhwungue vow ngo gzula lani mussavene,neutral
392,ts_train_00393,xanga xa malembe xita vamba xita buya ,neutral
393,ts_train_00394, acha tariqa hai lene ka,neutral
394,ts_train_00395, vo hi fridjela wenou vo hi komba fswaku a ndlela ya sathana ya tika ka hissa ala ansi já wena langa kumbe u lava kuhissa loko ou kumbe pradise,neutral
395,ts_train_00396, to twhii ni mikuma kahle nirila mozambique ka khubu adolfo corsa lweyitagxma,neutral
396,ts_train_00397,mi nga koloti munhu xanchumu loko ku nga ri ku rhandzana hikuva loyi a rhandzaka munhukulobye u wu hetisisile nawu varhoma ,neutral
397,ts_train_00398,niku swê tititi httpstcoitmjgbhf,neutral
398,ts_train_00399, wandilahla hla wena shm,neutral
399,ts_train_00400,he mfoo wa xitwa xipapilani xa kokwani dala ,neutral
400,ts_train_00401,swiyimbeleri ahi yeni miva byela ku hina hi tiva ndlelasenya retla patela mozambique httpstcorzlpwwrcrz,neutral
401,ts_train_00402, namina ihm swa gamba ja na via,neutral
402,ts_train_00403, nidzumba nanwina ka mungana,neutral
403,ts_train_00404,ehhh yeweni lawa ku dog style ,neutral
404,ts_train_00405,nasty c ih ,neutral
405,ts_train_00406,famba moyeni bafanas httpstcoukshvslx,neutral
406,ts_train_00407, xilo ndla yin ni kayerini,neutral
407,ts_train_00408, loko yi dyiwa jaaa,neutral
408,ts_train_00409,hai wena mun httpstcokndktgyua,neutral
409,ts_train_00410,niku khoma nile xokwe mozambique ,neutral
410,ts_train_00411,mina noh famba httpstcocafzepvun,neutral
411,ts_train_00412,httpstcoorxuvkqbts bona kuri wendle yini munu waxikwembu,neutral
412,ts_train_00413,kaya ka vo vovo nkanyini wa mgilo magude httpstcogcgfkgsc,neutral
413,ts_train_00414,round ya nili kwala a mozambique seni fikile a maputo ,neutral
414,ts_train_00415, na vadwa ani sida a nina nuna nita feva ku kundza ka hissa ka titimela hissa ndzeni handle tilhanpfe,neutral
415,ts_train_00416,kama bill gates angekua ni nchi basi angekua ni nchi ya kwa utajiri duniani elimikawikiendi,neutral
416,ts_train_00417,lol tavuya ka mana thembi hahahaha aku tleleki meu irmao ,neutral
417,ts_train_00418,namuvona buti tlhoye lowo yingana wona loko yifika a jone yi hembela a swi ntombana yiku papa yona i mulungo i nwana mama loyi mhani wayona angadji dinner yingase vuya akaya ari aswielhe ningase vona boy boy wamina yirandza a music wa sjava ,neutral
418,ts_train_00419, mara dj unjani wena hiiiiì ,neutral
419,ts_train_00420, swi txiki leswo os dois se txendam aqui,neutral
420,ts_train_00421,hayi ta humesa ta humesa ta humesa ta humesa masupa,positive
421,ts_train_00422,wena na mina,positive
422,ts_train_00423, hahahaha wena pa ,positive
423,ts_train_00424,i luh ya papi,positive
424,ts_train_00425, ni pfhukile ho ini kupfhuka,positive
425,ts_train_00426,swa yantswa niva mbuya nita kuma ma regalias ,positive
426,ts_train_00427, ni bom by noh dja djuala ntse,positive
427,ts_train_00428, comekiéee ni speed cumbi sfwayantswa httpstcomzsnyqvq,positive
428,ts_train_00429,twana a marhito ya ntiyiso httpstcoxjyqxlwfh,positive
429,ts_train_00430,niku yingiseli niri ka xokwe mozambique mindzumba,positive
430,ts_train_00431, swa hini a ukanho dza bom,positive
431,ts_train_00432,awenaaaah u mukulu httpstcoxknrqmkfd,positive
432,ts_train_00433, karingana wa karinganajosé craveirinha,positive
433,ts_train_00434,swi helile swa ma pank finish ,positive
434,ts_train_00435,hi nkomu mo hini hi ku pfuka httpstcohmoqcnyx,positive
435,ts_train_00436,na hina hi gud nambi yi txonille hi rait httpstcoezgggly,positive
436,ts_train_00437, swa banana pah mas passamos na mesma,positive
437,ts_train_00438, munhu wa mina ku saseka,positive
438,ts_train_00439, swivula kurhi xithembiso xa vona axika hetisekanga hikuva a xihlangi hixona xi tiyisaka a varadzane aka rixaka hambi kurhi mungangeni akurhi adam siolhe la chibuto mozambique,positive
439,ts_train_00440, teka famba papu,positive
440,ts_train_00441,wena unga zuzumeli ni dzweli kumbe ni ta xava kwini a ma xiluva ntsem httpstcoohqifnmh,positive
441,ts_train_00442, mina nipfukile mara anisya helo naha yimela axikongelo xa bava maleyane nitatua ku ku djiwa yini atihelene ,positive
442,ts_train_00443,a vavasati va ma mecha ugue vá heti wena,positive
443,ts_train_00444,xikwembo xanga haleluia hi cussa hina já ya buya,positive
444,ts_train_00445, famba kerekene nhanyana ndizwena,positive
445,ts_train_00446, swi swi swi swi swi swi swi swi já namoras,positive
446,ts_train_00447,malem ya ku tala ,positive
447,ts_train_00448,auxene moh ini ku pfuka,positive
448,ts_train_00449,wa swi tivela httpstcoxrzofocp,positive
449,ts_train_00450,nwana makhuvele mukonwana wa khosa ntukulu wa manyike feliz dia do pai mhunti ya mona … httpstcohvbdiddw,positive
450,ts_train_00451,nina wena kola xokwe mozambique nilo geeee dstv yrs,positive
451,ts_train_00452, hi pfukile wa matimba wahi londzovota,positive
452,ts_train_00453, ukanga umakuma lawa ya raymond atakuvavisa madala,positive
453,ts_train_00454,loko u va kuma va tlanga tlanga nawenawe loko u va kuma va tirha tirha nawenawe loku u va kuma va phusa u nga kalavalewi hi vanghano mani,positive
454,ts_train_00455,namina one day vata ni posta va beka mbilu ,positive
455,ts_train_00456, a ku xonga ,positive
456,ts_train_00457, xi chonguile pah,positive
457,ts_train_00458, u tsika mova kaya namunthla httpstcoqpygkciyt,positive
458,ts_train_00459,albeo machavele rungulamp rungula a maxaka manga kule ,positive
459,ts_train_00460,siku dza mundzuku adzitiviwi hi munhu sê swayampsa utidondzela weeena rosalinaaaa ouça rosalina de keyce no soundcloud httpstcotcyqehe,positive
460,ts_train_00461, epah yah afinal acontece la dzukuta para aqui dzukuta para ali httpstcoretkijaxd,positive
461,ts_train_00462,sê vha ni vitile niya ti dakwela nitsama hansi ni da nhama ni tlhela ni phuza ni va nhenhentsa ,positive
462,ts_train_00463, wena no ku randza hi ku pimissa,positive
463,ts_train_00464,auxeni mho wine ku phuka,positive
464,ts_train_00465, tem ni dondza primeiro para ni khanela,positive
465,ts_train_00466,hinkhomo mo yini hi ku pfuka httpstcofzxxwkwaw,positive
466,ts_train_00467, wena a ni ngue ku hi hloko ni ngo ku yentxa nkatanga ni ku phamela liradzu siku ni siku ,positive
467,ts_train_00468,dzi xile na voz de kanye west,positive
468,ts_train_00469, madala lweyi namufeva wativa stereka,positive
469,ts_train_00470, nikubula rosinha wa mina,positive
470,ts_train_00471, auxeni hoyini ku pfuka,positive
471,ts_train_00472, ya mapfilwa é assim mesmo,positive
472,ts_train_00473,a gwala a dri yelhi namuntlha noh sindrissa,positive
473,ts_train_00474,a mbilo yanga cho ba,positive
474,ts_train_00475, ku saseka naku faneriwa swa wena keep it up,positive
475,ts_train_00476, i ckali nitlanga hi tinamba,positive
476,ts_train_00477,outros yaba buluku outras la kamina kuna txukela eu nolavha ku phuza nifamba ,positive
477,ts_train_00478,wene u ximate xa boene httpstcoclcnksayog,positive
478,ts_train_00479,hosi xikwembo xanga mamba yanga mamba yanga hi yamukeli httpstcovoylvkkenl,positive
479,ts_train_00480,ku laveca mali a ku laveke ntizo laku sasseka httpstcothourqu,positive
480,ts_train_00481,ya ba buluku tsokaaaa ,positive
481,ts_train_00482, i fanela hiku rhandza kereke naku faya miti ya vanhu,positive
482,ts_train_00483,nwana mutxangane i mutxangane em praia do bilene httpstcotzcilsrsl,positive
483,ts_train_00484,a matapa na marandza na marandza httpstcojvdpmiqcgo,positive
484,ts_train_00485,lwandlexiluva ingoma ya ku saseka httpstcoeztcjiovmg,positive
485,ts_train_00486,messi é xipoko a taku dhlaya iku bela bem httpstcogtqjbz,positive
486,ts_train_00487,rixile vayakelany tasmani kurhula a sonto,positive
487,ts_train_00488,a i landzi ti dhlela,positive
488,ts_train_00489, ina mas wa ma navela,positive
489,ts_train_00490, nita txintxa brada,positive
490,ts_train_00491,a mathapa na ma randza httpstcoeezdjmnuy,positive
491,ts_train_00492, ni vhona bem,positive
492,ts_train_00493,ani gwenti hi ngoma ya luwei wah nwanhana httpstcoaggennei,positive
493,ts_train_00494,auxeni va jessica ni va jessico,positive
494,ts_train_00495, kassi hi wena lolita ,positive
495,ts_train_00496,hi va khale ka mungangu lowo httpstcozzfopeyrb,positive
496,ts_train_00497, hini ya tsutsuma bai heeee malembe ni malembe ka mugango lowo,positive
497,ts_train_00498,loku u khaya nkakau tlanga hii posição httpstcooxqheyx,positive
498,ts_train_00499, edjoh a gaju yini vhoku pah ,positive
499,ts_train_00500,phaphamanamunghana na xipano xa phaphama inkomu swinene ahitireni hita hola male yosaseka siku ra kahle na kava engiserhi ixigwambana egwambeland,positive
500,ts_train_00501,a lirandzu la patima,positive
501,ts_train_00502,u ta mu vona lu lala nyana x ku vi a dá ti nga txayi httpstcolelzsngjf,positive
502,ts_train_00503,ni lavha ku hanha na yena mina ningue fambi hi lane httpstcohwsmwkjma,positive
503,ts_train_00504, swi nga va njhn loko mo xavisa paper ra far post every week hita sapota nwana mhani,positive
504,ts_train_00505, u zandza swilu,positive
505,ts_train_00506, hi ta humula guwa,positive
506,ts_train_00507, makwezu niko kombelela ka xikwembu a minkateko ni hinkwafswo fi ku fanelaka ti male ma gudi laifi ni mintirho yo tala parabenja ,positive
507,ts_train_00508, mom of kids mamana wa vanana,positive
508,ts_train_00509, ndlela yi rhandza mehe,positive
509,ts_train_00510,joyous celebration hi hanya mahala ,positive
510,ts_train_00511,hina hi hanya mahala ka jesu ,positive
511,ts_train_00512,a gwala hi phuzile httpstcoqbnjjf,positive
512,ts_train_00513,siku dza namuhla dzi kathekilê ,positive
513,ts_train_00514, wa hemba heineken e txilar aqui ,positive
514,ts_train_00515, damn na nadzika yaay,positive
515,ts_train_00516,desafiodedezdias siku dza wu muni httpstcozwczoeq httpstcotlnezdl,positive
516,ts_train_00517,hiya tlhava mavacina hooo ka docodela httpstcotvablz,positive
517,ts_train_00518,a mavele ya ku tsamisseka httpstcogmfejrqgnp,positive
518,ts_train_00519,valeu meu cota a niku hi yessu hi kakunene httpstcormlrcpex,positive
519,ts_train_00520,hlula mine u hlula tingonyamo u ta teka tiko i dzaco,positive
520,ts_train_00521, ohhh hosy yanga dzi xurisse hi moya waku dzi tiya dlhelene yaku saudades,positive
521,ts_train_00522,a xitombo xa nandzika,positive
522,ts_train_00523,aloku niku im ya ba buluko ,positive
523,ts_train_00524, buya u teka ma kona hi stock,positive
524,ts_train_00525,ungalaxlhi davhuku wawena davhuku wa wena hivhutomi bom dia javanhane guijá gaza httpstcoyhihhxgbs,positive
525,ts_train_00526,se yaba buluku leyi httpstcoxanhmjgzi,positive
526,ts_train_00527,a swilo swa matilo swi lava ku hiteka httpstcohzwjawqgz,positive
527,ts_train_00528, ni humile ,positive
528,ts_train_00529,na wena ti twissi a u hi voni hina hi puzah má dswala na hidla ti nyama hita dzudza switresse discover happy by mr bow on deezer httpstcoptxltrfy,positive
529,ts_train_00530,hina matxangana vah hi tiva hiku tsaka httpstcooemmkdmh,positive
530,ts_train_00531,ni lava male só,positive
531,ts_train_00532, a xitimela xi ni siyile muzaia,positive
532,ts_train_00533,mu xava kwini a nyama ya homu,positive
533,ts_train_00534, ah wa wassate waku shonga hunghê wa whettii wena,positive
534,ts_train_00535,a wasati vomu taratara jurooo a wasati vomu ghenissa salão a shongaaa vovo dele httpstcooymtxsnik,positive
535,ts_train_00536, nisuka xokwe sweswi tani bazara ka xingangi agora,positive
536,ts_train_00537, swo yini ku phfuka,positive
537,ts_train_00538,teka famba o txova httpstcoaruwmqeupk,positive
538,ts_train_00539, ni bom bay,positive
539,ts_train_00540,ni li hinkwaxu ta xona hi mintizo ya xikwembu,positive
540,ts_train_00541,historicendtimerevival celebrando o senhor mikulunguana ka yesu alilililililililili alilililililililili alilililililililili alilililililililili httpstcolfbkjhwjyi,positive
541,ts_train_00542,nikensa yesu é ,positive
542,ts_train_00543, wa swi tivela,positive
543,ts_train_00544, jeremias nguenha la famba bixa abilio mandlaze juro sinceramente abilio mandlaze ulava ni ti sunga,positive
544,ts_train_00545,ku phuza bem m flow,positive
545,ts_train_00546, if phfukilé ah ih se vona swa ku kazata mwina ké,positive
546,ts_train_00547, ni yingisele niri kola mocambique ka chokwe thwii,positive
547,ts_train_00548,yaba buluku a fazer história httpstcokvixiaotfa,positive
548,ts_train_00549, mingas alirandzo mingas mamana aniano tamele papai se hi fikile,positive
549,ts_train_00550, naminau kata na fhinavela acufamba ni ti tsaguela cubo uia xplanada,positive
550,ts_train_00551, txuvuka leswi lani ,positive
551,ts_train_00552, dançar tsova levanta a saia,positive
552,ts_train_00553,gabriel shyne feat killua lirandzo la mina na wena ,positive
553,ts_train_00554,mamana uyosala etse a tlhumala panghalato ,positive
554,ts_train_00555,hello sisi ni kombela round ,positive
555,ts_train_00556, and u tah swi kota,positive
556,ts_train_00557, u ya kwini httpstcosidtac,positive
557,ts_train_00558, ku ta faciwa swa bom,positive
558,ts_train_00559,happy bihday mo g aku huma ni humaka quarentena wena para nita dlaya morelife httpstcoirfbgrfjp,positive
559,ts_train_00560,hi mbilo leyi yitsovekeke hibuyisa xikandarinha lexi angahisiyela madala wahina calane da silva riphitakombekisa lesvaku xahahisa minana munganu wamina wantloyi hitaxitlatleka kutane ntlangu lowu wuvuya hi kurula akutlangiwi httpstconjqtronbhf httpstcoiaipmuefu,positive
560,ts_train_00561,parceiroa novas músicas hosi hi pfuni nina xilondza mbilwini hosi xikwembo whatsapp httpstcojdchzsel,positive
561,ts_train_00562,phaphamanamunghana community weeeeeeeeeee avuxeni vanhu vamisava woza friday hlayisekani miyingiseri phaphamanamunghanalonene ahitireni hita hola male yosaseka ixigwambana kusuka la a gwambeland vana va gwambe na dzavale httpstcopfhuvxpo,positive
562,ts_train_00563,a quiet place here hina ya famba,positive
563,ts_train_00564,kulo sala ku ni tlela kanwe before ni vuyela joni,positive
564,ts_train_00565,kuni guala la kuni va fana la rupi kaur,positive
565,ts_train_00566, kwini wa swe tivah nah weneh swakuh ni strong,positive
566,ts_train_00567, wa swi tiva brodi,positive
567,ts_train_00568, ni pfhukile akuna swa ku kazata ho yini kupfhuka,positive
568,ts_train_00569, wena pah no thleka lano,positive
569,ts_train_00570, pfa khenseka pfoleswo namini ni bom a xikwembo xá dzi hlayisa ,positive
570,ts_train_00571, nimi ingisele niri ka chokwe gaza mozambique via httptcoxgghjiltek,positive
571,ts_train_00572,hewe thlanga u hluela,positive
572,ts_train_00573,avelino mondlane ndjombo ya lirandzo ,positive
573,ts_train_00574,xikwembu ni nyike matimba,positive
574,ts_train_00575, swiswi ni vona gavin a hindzela mahlweni,positive
575,ts_train_00576, na khensa bra ya mina,positive
576,ts_train_00577,niku yingiseli nile xokwe mozambique sesi thembzana ,positive
577,ts_train_00578,bom domingo hosi yi katekisa wena na njangu wa wena mhunti ya mona sowetoem casa chokwe httpstcovdoiepwu,positive
578,ts_train_00579,u bom mana tt ni yingiseli wena kola ka xokwe mozambique ,positive
579,ts_train_00580, dzipelile u kone fanhana,positive
580,ts_train_00581,dzixile ohine ku pfuka httpstcogsankoty,positive
581,ts_train_00582, hipfukile ingo wena,positive
582,ts_train_00583,male ya machangana d,positive
583,ts_train_00584, kambe ira mani risimu leri hi sungulaka awara ya naaaaaa rini tsakisa ngopfu vakaxi va mina rixile,positive
584,ts_train_00585,dzi xile va makwezo ,positive
585,ts_train_00586,john legend mina na wena,positive
586,ts_train_00587,december ni tirhisi leswo tala ntaswi vona january cidade de chokwe httpstcouljtcdks,positive
587,ts_train_00588,auxene moine ku pfuka,positive
588,ts_train_00589,kota yasser ya ya httpstcozbscgxys,positive
589,ts_train_00590,moya wa ku xwenga,positive
590,ts_train_00591,la ka mina ku dyiwa ti coconut maputo mozambique httpstcokggcmgka,positive
591,ts_train_00592, hi pfhukile a va tsongwana va thlanga khanimambo ho yini kupfhuka,positive
592,ts_train_00593,hi pfuki bem a whana wa tlhangua akuna ku karata whina ke httpstconmqmgjb,positive
593,ts_train_00594, wa swi tivaaaaa,positive
594,ts_train_00595,a nina male minoooo noh tivha ku kina blazes voice,positive
595,ts_train_00596,loku u hi wona hiku ta hi yena hi yena yehova hi yena a loku u hi wona na hili so hi yena hi yena yehova hi yena oh hi yena yehova hi yena hi yena httpstcobsyuqqx,positive
596,ts_train_00597, na hanha aswina ku kazata a vatsonguana wo thlanga,positive
597,ts_train_00598,u saize wa mbedo wa mina httpstcoucqxchqqes,positive
598,ts_train_00599, rixile vahaxi va mina nimi kuma kahle nirila moz ka khubu la obrigado,positive
599,ts_train_00600,timale timale hi da ni mabitch ,positive
600,ts_train_00601, ni pfhukile a va tsongwana va thlanga khanimambo ,positive
601,ts_train_00602,nkatangouu hinga tsama niku gwela swaku akuna munwane lwei ani tsakuisaka a mbilwini ,positive
602,ts_train_00603,wa bomba mchangani ni bombisa ku kuma vodacom httpstcogpvweygeot,positive
603,ts_train_00604, mina se lindivarrr mina aita navhela aku teka giyane nitsakisa hi xibelane niri kola a magude ,positive
604,ts_train_00605, ni pfhukile khanimambo wene ke,positive
605,ts_train_00606, ni bom ho yini,positive
606,ts_train_00607,thnx god mozambique shutdown tag nghenana khensa ku tlakuriwa vanhu va mozambique moamba maputo mozambique httpstcocbslgbgswi,positive
607,ts_train_00608,ni kola ka xingange vani khome bom mas and ku tlangeliwa bihday httpstcobyvttqfer,positive
608,ts_train_00609,utamukuma ka sapatero,positive
609,ts_train_00610, mmm swa hombé ni pfhukile khanimambo,positive
610,ts_train_00611,vanhu va mali ku khola ressano boarder httpstcoatkcmdjqw,positive
611,ts_train_00612, na mina nimi kuma kahle nirila moz ka khubu,positive
612,ts_train_00613,malome u ndjane,positive
613,ts_train_00614,niku ma garrafa,positive
614,ts_train_00615, nile guija ni tlangela bihday ya mina httpstcoixqpytis,positive
615,ts_train_00616,ni bha ma fato ni ma air force,positive
616,ts_train_00617, ho yini ku pfuka,positive
617,ts_train_00618,mine ni waku ehhh mbilo yilava weneee ahhh my bae youre so sweet baby my bae youre so fine loko niku vona ku tsatsa tsa ninyetxela weneee ♪♪♪,positive
618,ts_train_00619, ni pfukile va haxi nho kufumetanhana amuphungo nita kufumetanhana anhokana nitaya atirwene ,positive
619,ts_train_00620,kanimambo chikwembo xa mathimba,positive
620,ts_train_00621,ya disko funk httpstcogjyzfq,positive
621,ts_train_00622, a hombe khanimambo ho yini,positive
622,ts_train_00623, esh na mina se ni mikuma kahle niri khombomunimozambiquedankiiiii,positive
623,ts_train_00624, yuwiiii amargou ih mine lwe yaaaa,positive
624,ts_train_00625,mina nawena wena namina lovarénice utatwa kunandzika ×,positive
625,ts_train_00626, swa kahle swi komba rirhandzu ra ntiyiso,positive
626,ts_train_00627,mina ni sati wanga jay ♡ maputo mozambique httpstcoiuiqupzufc,positive
627,ts_train_00628,alirandzo hi mintxumo xa lissima kutlula a timaka xatimale ,positive
628,ts_train_00629, na hanya aswina ku kazata,positive
629,ts_train_00630,leswi uswi tivaka hi mina iswi tsongo eka leswi ninga hi xi swona u thnk im an aist n im more dan dat u thnk im a government worker n im more dan dat u thnk im comedian n im more dan… httpstcoorknpmcud,positive
630,ts_train_00631, nambe mina ni pfhuki kwatse khanimambo,positive
631,ts_train_00632,ku njhani ni nghena kola chokwe,positive
632,ts_train_00633,dzixilela wena mufoto ho ini hi ku pfuka httpstcoejzenjpyr,positive
633,ts_train_00634,id sing hita famba moyeni nkathanga httpstcosukueass,positive
634,ts_train_00635,matshonela yakoh mana mina mabarri yakoh mana mina mas a mpfhana wa nheketo lweyi anga guentanga ih wene ️,positive
635,ts_train_00636,ma sweet lady ma talil ma sweet lady ma talil mina ni be dji utomi ni funga kufa niku hanhana i will always love you ma talil,positive
636,ts_train_00637,jimmy dludlu mu tumbelelwana ,positive
637,ts_train_00638, nina wena kola xokwe mozambique,positive
638,ts_train_00639,np puto jr male ya pepa,positive
639,ts_train_00640,ni yingiseli wena sesi khensi nile xokwe mozambique ,positive
640,ts_train_00641, ni pfhukile ho yini kupfhuka,positive
641,ts_train_00642, hô yini hosi ya ma rima,positive
642,ts_train_00643, nipfukile vhahaxi niya atirweni ni ndlhula nixava amapawa dj iwamativa ,positive
643,ts_train_00644, wena wa xitiva,positive
644,ts_train_00645,aloku niku im yaba blackfriday ,positive
645,ts_train_00646,ximixweni madanbveni ni usiku sikunisiku,positive
646,ts_train_00647, auxene ka gaza httpstcomqebbvipj,positive
647,ts_train_00648,dezember time ku ta fiwa,positive
648,ts_train_00649, blake me paga hahahahahahahahahahahahaha ih ,positive
649,ts_train_00650, keep voning na ku xuvha httpstcofpbbbvyzgq,positive
650,ts_train_00651, king wa áfrica,positive
651,ts_train_00652, na hanya akuna swa ku kazata a va tsongwana va thlanga,positive
652,ts_train_00653,ni bom manji wena kueh httpstcodlfxtgg,positive
653,ts_train_00654,nkhosi dlamini wena wekunene thank you cuz httpstcoiumioxi,positive
654,ts_train_00655, swinene ngopfu ni vuya matreno hina jogo mndzuku,positive
655,ts_train_00656,nimu yingiseli nile chokwe mozambique vahaxi vamina va qualidade zwimbiri ,positive
656,ts_train_00657,tsemba jehova wene nwana wa xikwembu quaadequotes,positive
657,ts_train_00658,nikola ka xingangi ka nwina ,positive
658,ts_train_00659,u ta famba matilweni httpstcoqaavlobt,positive
659,ts_train_00660,utomi nzanga za ku tsakissa pretodemoz enjoying the life em maputo mozambique httpstconbnamzjwp,positive
660,ts_train_00661, mina nawena wena namina lovarénice utatwa kunandzika ,positive
661,ts_train_00662, tana u ta dya,positive
662,ts_train_00663, re tsogile re ra wena,positive
663,ts_train_00664,a nhama ni dileh a guala ni puzileh a male ni tekileh tsatsara tsara ,positive
664,ts_train_00665,ni lava ku susa tosa,positive
665,ts_train_00666, na hanya ni khensile ,positive
666,ts_train_00667,sumo loumar a ku titimeta nkolo,positive
667,ts_train_00668,nina wena kola xokwe mozambique uni endla yini mara dstv,positive
668,ts_train_00669, akusaka ka ndlama kopitira ku collerboxpay ndani ameneyo,positive
669,ts_train_00670,banani má voko assistam in loko ouep,positive
670,ts_train_00671, pvtunga ni viajari wena txela nhama lanu,positive
671,ts_train_00672,ayo buya anikhoma aku teka nuku nhica httpstcoychuwlhlq,positive
672,ts_train_00673,leswi ni swi vhonaka mine,positive
673,ts_train_00674,wansati wa ku xonga ku tlhula wene animutive minoo,positive
674,ts_train_00675,aleluia xikwembo xa matimba tlhatteka vhoko dzaku ku hina vana wakhu hi kombela a matimba yaku,positive
675,ts_train_00676, wow na khensa sesi mhana rivaldo vani khome kahle hi siku ra mina,positive
676,ts_train_00677, muhaxi lwiya ho hatlisela ngopfu loko a haxa hi wini wakona left or right,positive
677,ts_train_00678, he uncle miri i bihday ya nwina namutlha,positive
678,ts_train_00679, wa khala pah,positive
679,ts_train_00680, a xa lissima ih ku ti beka hansi ,positive
680,ts_train_00681, auxeneeee tek hoyineee ku phukaaa,positive
681,ts_train_00682, siku ni siku,positive
682,ts_train_00683, niku yingiseli nile xokwe mozambique nilo gaaaa dstv ,positive
683,ts_train_00684, swa kahle leswo,positive
684,ts_train_00685, ni khensile nd ntava nayena mundzuku,positive
685,ts_train_00686,hi ta kunhemela le titxini ikussa ya ku randza na hina há kuxuva makhero,positive
686,ts_train_00687,wayi vona manica ya nyuwani httpstcosbhkfpxd,positive
687,ts_train_00688,usho wena neh httpstcoxextxnni,positive
688,ts_train_00689,a swa lissima ih kuh tibekah hansi,positive
689,ts_train_00690, hhw sesi byela va malume se vona vata hlamusela papa ku wa kuna dzovolo wa yena,positive
690,ts_train_00691,ahiii loloza male ya manhembana d,positive
691,ts_train_00692,niku yingiseli nile xokwe mozambique nilo geee kola hansi ka nsinya wa nkanyi dstv ,positive
692,ts_train_00693,tseka tseka uta ni kuma hi ndlhela httpstcofeuiczfq,positive
693,ts_train_00694, definetly goats alexandre langa rosa maria pedro langa mamba ya malepfu hoencio langa lirandzu,positive
694,ts_train_00695,mita kateka loko va mi hlekula nwina va nge mi bihili miri vana va xikwembu tsakani hiswiswo hikuva hakelo yanwina mi tayikuma ematilweni,positive
695,ts_train_00696,nihinguisela munghana lonene fm ranitsakissa ni lani maputo zimpeto,positive
696,ts_train_00697,dzixile na mi lossa va yakelani,positive
697,ts_train_00698,ni bom ni yetlelile bem anhanti wena hummmm loop httpstcozrmhakf,positive
698,ts_train_00699,a makhessemussi nkata ni ma lua de mel hitada xikamwe ungatxavi nkata hikussa sse hi txadile,positive
699,ts_train_00700,kannimambo ni tsakê swi nene httpstcohormgejcp,positive
700,ts_train_00701,auxene va makwezu,positive
701,ts_train_00702, dzixileeeeee mo hine ku phuka,positive
702,ts_train_00703, khanimambo hi yini kupfhuka,positive
703,ts_train_00704, mina a ni tsama ka twitter timaka xkola mine ani tsame himaka thanks ,positive
704,ts_train_00705,hile ku tlangeni na vanwan praia do bilene httpstcodrbmicqy,positive
705,ts_train_00706,ya no xipamanine httpstconmlzphysp,positive
706,ts_train_00707,yehova hi murussi wa mina marracuene httpstcoeiiawece,positive
707,ts_train_00708, teka famba bro ,positive
708,ts_train_00709, hhw dont give up man zama ku mutsunduxa chomi ya wena uku nikombela uni tlhelisela mali ya mina,positive
709,ts_train_00710,ni pfhuni ku tsova tsova tsova gold ️ httpstcoseqmifctgv,positive
710,ts_train_00711,a lirandzo ih mensa ni behula vhata tshemelela inkwafswo fswaku biya ,positive
711,ts_train_00712,xiluvaxangaaaa mina ni langui wene top top top bow,positive
712,ts_train_00713,moya wanga u ndzunissa hosi a moya wanga hosi hosi hosi aku ndunissa,positive
713,ts_train_00714,nitafa na wena murandziwa te amo te amo nitafa na wena murandziwa te amo te amo vibes,positive
714,ts_train_00715, mara buti sydney xikwembu ximu nikile ku hlamusela swilo swi nandzika wativa ingi ova kwale,positive
715,ts_train_00716,hita khandziya ti bus ta anc hi mbali swi khipa swa da hiya votela eff on the beach bilene mozambique httpstcobervz,positive
716,ts_train_00717, dzixile ho yine ku pfuka,positive
717,ts_train_00718,ni yingiseli kola ka doroba laka chokwe dstv niyo gee na vovo flora mathonsi,positive
718,ts_train_00719,uh tah ssala va uhlolo,positive
719,ts_train_00720,auxene mo yini ku pfuka acredita,positive
720,ts_train_00721,ni cizi weni unga buyi ni taku httpstcoqzodduy,positive
721,ts_train_00722, ok a chikwembo cha swi vona,positive
722,ts_train_00723, vungani ka story ko timve ,positive
723,ts_train_00724, ni bom wena ke httpstcolhxldsu,positive
724,ts_train_00725, i nkarhi wa malamula,positive
725,ts_train_00726, ku hava paito unwani handle ka mina,positive
726,ts_train_00727, mi nga rivali ku happy bihday eka mina,positive
727,ts_train_00728, ene swi valavula ntiyiso ,positive
728,ts_train_00729,a pandza wa kho ,positive
729,ts_train_00730,ni xisela wena njovo httpstcontqzmvoyu,positive
730,ts_train_00731,ni rungula my love nthabiseng mashaba ka xokwe ka xingange niheta hi sivari vicente sambo a putfontein ,positive
731,ts_train_00732,ni pfukile kwatsi httpstcoyvwgaqlg,positive
732,ts_train_00733,mamana wa bebe,positive
733,ts_train_00734,mawakomuito nice ih httpstcookkwms,positive
734,ts_train_00735,rirandu ari danisi loku wanuna akari akuranda naloku wansati aku randa aswisangi swi danisa httpstcommmystuxl,positive
735,ts_train_00736, mina nile ntirhweni la mozambique ka khubu,positive
736,ts_train_00737, ina marha ya mina yi famba mahlweni hiti cup masiku lawa,positive
737,ts_train_00738, “ya maning ya maning ya maning”,positive
738,ts_train_00739, hhw zama kuti hlanganisa na yena chomi ya wena face to face unwi tsunduxa hi xikweleti dont give up,positive
739,ts_train_00740,kkkklk ni kombela uni sendela ka whatsup httpstcohghjg,positive
740,ts_train_00741,u tah yi phuza impala httpstcowvkscyjrj,positive
741,ts_train_00742,buya lenu niku dondzissa httpstcoegbkropxy,positive
742,ts_train_00743,pooora gramo mng de mathapa pah foooodaz patsa ni ma hanti,positive
743,ts_train_00744, loko dj momu siya yexe sikurinwe lani ka vangarikona na na buti anga swihaxa hkwaswo loyi wa dj atlhela abala nitilhoko mhaka ta mahungo,positive
744,ts_train_00745, mita phaka draw ku tava lucky,positive
745,ts_train_00746, awuxeni va haxi va mina va nduma mina nipfukile nho dja mpungu ni lava akuya dsundzisa aritiwa ramina nihlaula amudji watimali ,positive
746,ts_train_00747,nifile ih wena,positive
747,ts_train_00748,a ku khala ama saudade httpstcoqnxusir,positive
748,ts_train_00749, auxeni madala u bom,positive
749,ts_train_00750, na hanya ho yini,positive
750,ts_train_00751, ni pfhukile khanimambo,positive
751,ts_train_00752, ih fswona ndwena a ciku para vhaku biya dzi ta tlassa httpstcoquixsvmfp,positive
752,ts_train_00753,maningue khanimambo u pfhukile httpstcoynddeundo,positive
753,ts_train_00754,ha tsovela kola chokwe mozambique ni khensa mufundisi ,positive
754,ts_train_00755, na hanya aswina ku kazata khanimambo,positive
755,ts_train_00756,nami hoyozela vahaxi vamina va migingiriko na tsemba swaku muyetlhele kalhe ami bedweniloko mu suka ka tolo ,positive
756,ts_train_00757,bom tarde matxaka ya minamaputo httpstcokcsunccpo,positive
757,ts_train_00758,ni sungulekile khale mfana httpstcorfmiqalj,positive
758,ts_train_00759, ka dlhiwa male,positive
759,ts_train_00760, mina nitsakile swinene gingirikani munu wa tshitsha,positive
760,ts_train_00761, ni ta pimissa,positive
761,ts_train_00762,ni huma na marhama hey khensa nsati wa mina wani hlayisa xem httpstcofbbebjwnr,positive
762,ts_train_00763, niku yingiseli nile xokwe mozambique dstv,positive
763,ts_train_00764,a xinkwa lexi xa le missaveni u ndzuluti we tatana hakukombela lililili,positive
764,ts_train_00765, a ni guenti ,positive
765,ts_train_00766,ni yingiseli wena sesi khensi na cc bongi nile xokwe mozambique dstv ,positive
766,ts_train_00767, hewa ya oxygen ,positive
767,ts_train_00768,ni humule ha hombe muzandziwa httpstcomvkzzyiy,positive
768,ts_train_00769, auxeni inlhikanili xile ku ndjani unga ni nhenhentsi ni bihile u shonguile wa nunwa a ni pfukanga kwatsi,positive
769,ts_train_00770,namunthla mu ta nitwa ,positive
770,ts_train_00771, mara tinsimo ta xitsonga ta tsakisa niku yingiseli nile xokwe mozambique ,positive
771,ts_train_00772,rendes xikento ih httpstcodhwyvldczs,positive
772,ts_train_00773,mina ni randza wenah x mexe o esqueleto djalvinalutacontinua,positive
773,ts_train_00774, hi pfukile anti wena vá hanha kaya,positive
774,ts_train_00775,ni rungula nsati wamina nthabiseng mashaba ka xokwe nwana mina inocente mathonsi na mamani flora mathonsi ka xokwe mozambique ,positive
775,ts_train_00776, topic mina vahaxi ani hambanisi swafana na vanhu va hlonge ya mina ntsena i respect kufana na uwani,positive
776,ts_train_00777, sim teka famba,positive
777,ts_train_00778,ku dliwa salada httpstcorimjhahz,positive
778,ts_train_00779, loko va yi rhanza cricket na,positive
779,ts_train_00780, hhw boti tshama na muti wa kokwani sesi famba vukatini bya wena,positive
780,ts_train_00781,nghoma ya nghena ma onha mhaka a mosambiki va cina hinoooooo tag nghena miva rungula moamba maputo mozambique httpstcohxzgaljd,positive
781,ts_train_00782,hibha fotxolo khuza ku huma no lithilu httpstcoonxdmdijoy,positive
782,ts_train_00783,mina na wena,positive
783,ts_train_00784,mr bow ni tafa na wena httpstcockmvkauor,positive
784,ts_train_00785,txuvuka dzanku logo uya wa kwela kuvuya ka wena hitaku yamukela,positive
785,ts_train_00786,cinderela wa mina i love u babe ♪,positive
786,ts_train_00787,auxene mo yini kupfuka acredita cenasàtardeaninam,positive
787,ts_train_00788, hoyini ku pfuka,positive
788,ts_train_00789,ni pulukhe no undla a vana vavano httpstcowspspizg,positive
789,ts_train_00790, na hanha nô scrolaranhana ni hamba nkama pra niya studio,positive
790,ts_train_00791,super sweet sunday ka nsati wamina nthabiseng mashaba ka xokwe nwana mina inocente mamani flora mathonsi ka xokwe ,positive
791,ts_train_00792, i rhandza mina phela kuza xi rhandza camera hi kola ka mina,positive
792,ts_train_00793, ni bom a caya kwaco khe,positive
793,ts_train_00794,ni randza nyama httpstcoygawwpza,positive
794,ts_train_00795,ah bro ya httpstcozemucojdn,positive
795,ts_train_00796, wo ai ni,positive
796,ts_train_00797,unga vhoni ku gwira ni tlhela ni thakula mina khata kambe akuna munwane ane lweyi tsakisaka minouu ,positive
797,ts_train_00798,teka famba bjardim httpstcotgabblsfm,positive
798,ts_train_00799, hi pfukili bem doutor wena ke,positive
799,ts_train_00800,teka famba ya man te amo ,positive
800,ts_train_00801,va galhi timbatsana kamarracuene httpstcomdmpstlm,positive
801,ts_train_00802, wena wa tsoga yong,positive
802,ts_train_00803, ya va dudamel deja la vino tinto vermo,positive
803,ts_train_00804,a xikwembo a xi ku katekisse httpstcotjzfkakwo,positive
